Asset,Value,Unit,1D %,1W %,YTD %
VIX Index,23.56999969482422,% (Vol),9.934697330735043,31.455656964045687,62.43969209530853
Gold,5168.39990234375,$/oz,-2.3798731173333088,-0.7298709417786653,19.794178085718794
Brent Oil,82.37999725341797,$/bbl,5.968612705366305,16.273816552739028,35.60493375048226
Bitcoin,68285.96875,USD,-0.7122889813364508,3.6492202536028584,-23.04244153786852
Ethereum,1980.462890625,USD,-2.308821971812902,2.574167810545247,-33.993245516641494
MSCI World,187.2100067138672,$,-1.5616710885972607,-2.6823249645439584,0.3753215525431841
EUR/USD,1.1582117080688477,Rate,-0.9844803276675362,-1.9724398811132082,-1.4327068483066752
USD/JPY,157.7270050048828,Rate,0.2988745870728726,0.9775980067058487,0.6354851174455778
10Y Treasury,4.056000232696533,%,0.19763770057523722,0.19763770057523722,-3.1287215536214052
