Asset,Value,Unit,1D %,1W %,YTD %
VIX Index,18.709999084472656,% (Vol),-3.107200404267052,-0.8479159917580747,28.945546446173132
Gold,4722.2998046875,$/oz,0.36555454027040746,-1.7538445316026108,9.454383264800349
Brent Oil,105.33000183105469,$/bbl,0.24745611210206242,10.316294645800106,73.38271906346449
Bitcoin,77504.71875,USD,0.0637867802805614,1.5087144325450774,-12.653008612487715
Ethereum,2315.159912109375,USD,-0.02289915295273781,-0.5502882060019254,-22.838144238041636
MSCI World,195.27000427246094,$,0.7481152066084906,-0.12275087776477678,4.696804473555405
EUR/USD,1.1726078987121582,Rate,0.1712062320208929,-0.1289844142479013,-0.20754780914205018
USD/JPY,159.33299255371094,Rate,-0.09719479313744506,0.10806483698477809,1.6601627626205095
10Y Treasury,4.309999942779541,%,-0.30071736252021974,1.411763359518603,2.9376678026711733
