Asset,Value,Unit,1D %,1W %,YTD %
VIX Index,20.09000015258789,% (Vol),26.67087381764075,25.719654118190217,38.456235945463234
Gold,4789.5,$/oz,4.382793608585178,4.3645906947378466,11.011962460831626
Brent Oil,64.0199966430664,$/bbl,-0.171527545708261,-2.214761800215448,5.382710523566092
Bitcoin,88816.234375,USD,-4.038048900721369,-7.023161038715687,0.09494885141296816
Ethereum,2955.199462890625,USD,-7.262288927706784,-10.325733731556463,-1.5062961695708088
MSCI World,185.63999938964844,$,-1.8867962568266727,-2.0524452143210525,-0.4664603199887041
EUR/USD,1.1727453470230103,Rate,0.7587658591313273,0.6966066832520434,-0.1958505452872794
USD/JPY,158.11199951171875,Rate,-0.04109474866992313,-0.18307426630856938,0.8811254183045625
10Y Treasury,4.295000076293945,%,1.512647849386628,2.972909910473276,2.5794192426067175
