Asset,Value,Unit,1D %,1W %,YTD %
VIX Index,17.010000228881836,% (Vol),2.5316460062143387,-2.465598004633418,17.22949662691118
Gold,4503.5,$/oz,-0.3870825038708281,-0.06213090137916488,4.382998839619012
Brent Oil,95.47000122070312,$/bbl,-7.794088877213834,-14.207402706707374,57.152265383873456
Bitcoin,75617.5,USD,-2.1511790890887617,0.1712290666127103,-14.779884015188294
Ethereum,2067.18994140625,USD,-2.0924997684482083,0.12365265959641825,-31.102723722427427
MSCI World,204.0,$,0.7208486038629447,2.528018670371046,9.37751649149452
EUR/USD,1.1637378931045532,Rate,-0.041899471372430774,0.26067192782814885,-0.9624119129074238
USD/JPY,158.95399475097656,Rate,0.0050303911465210405,-0.05093778681888317,1.4183485740137947
10Y Treasury,4.493000030517578,%,-1.426065291120171,-3.7283006900294735,7.308341234116589
