Asset,Value,Unit,1D %,1W %,YTD %
VIX Index,17.829999923706055,% (Vol),-1.0543869546671303,-5.76110014900909,22.880769417327997
Gold,4607.5,$/oz,-1.4522800992854523,-2.6413100898045383,6.793531065514502
Brent Oil,104.6500015258789,$/bbl,-3.3077720779959074,2.6886446524466923,72.26337699733153
Bitcoin,76544.15625,USD,-1.0630795255706205,-1.1763637904114055,-13.735552304895693
Ethereum,2292.889892578125,USD,-0.4417624703843326,-0.9846003196392838,-23.580380670997425
MSCI World,194.42999267578125,$,-0.5218747957980496,-0.25138800418997853,4.246420246747173
EUR/USD,1.1723467111587524,Rate,0.1453755829508907,-0.1770235419994992,-0.22977565398661914
USD/JPY,159.35699462890625,Rate,-0.13724456928699835,-0.010043401088155601,1.675476947284249
10Y Treasury,4.354000091552734,%,0.4151320578305917,1.3972971751452512,3.9885431525121584
