Asset,Value,Unit,1D %,1W %,YTD %
VIX Index,18.709999084472656,% (Vol),-3.107200404267052,-0.8479159917580747,28.945546446173132
Gold,4725.39990234375,$/oz,0.4314425679830203,-1.6893478480161872,9.526237931183168
Brent Oil,99.77999877929688,$/bbl,-5.0347396315714725,4.5035560024946575,64.24691157085904
Bitcoin,77601.5234375,USD,-0.8527387435910638,2.278822321527585,-12.543910762167043
Ethereum,2320.669921875,USD,-0.46510527199239426,0.23572435625021093,-22.654501381857774
MSCI World,195.27000427246094,$,0.7481152066084906,-0.12275087776477678,4.696804473555405
EUR/USD,1.1726078987121582,Rate,0.1712062320208929,-0.1289844142479013,-0.20754780914205018
USD/JPY,159.33299255371094,Rate,-0.09719479313744506,0.10806483698477809,1.6601627626205095
10Y Treasury,4.309999942779541,%,-0.30071736252021974,1.411763359518603,2.9376678026711733
