Asset,Value,Unit,1D %,1W %,YTD %
VIX Index,21.040000915527344,% (Vol),-18.386344627110763,-14.262428155760265,45.00344992171459
Gold,4743.89990234375,$/oz,1.863816599758783,-0.8216317813179552,9.955034529058814
Brent Oil,97.63999938964844,$/bbl,-10.64335829661246,-3.479640317351429,60.72427883069702
Bitcoin,70569.640625,USD,-1.9058230465411552,4.873086451401365,-20.46876769175151
Ethereum,2171.0263671875,USD,-3.157287169858991,5.116552871976254,-27.641964373985683
MSCI World,187.66000366210938,$,2.8443044920730687,3.2176481943080537,0.6165938497367129
EUR/USD,1.1686612367630005,Rate,1.2598292139696543,0.8285921102784588,-0.5434205883612098
USD/JPY,158.71600341796875,Rate,-0.6055718187842563,0.017644609110378795,1.2665015694361959
10Y Treasury,4.290999889373779,%,-1.197330107134098,-0.6482954257524542,2.483880978615205
