Asset,Value,Unit,1D %,1W %,YTD %
VIX Index,15.399999618530273,% (Vol),-4.109588227644323,0.5221927238881152,6.133696592760307
Gold,4467.2001953125,$/oz,0.6874478476644352,-2.0458240256002624,3.5416349069946618
Brent Oil,95.7699966430664,$/bbl,-2.0856772993019135,4.041274815837781,57.64608500916282
Bitcoin,62681.80859375,USD,-2.081655497502455,-14.810988299250383,-29.358270261551333
Ethereum,1734.9300537109375,USD,-4.239160835297229,-13.441396684906293,-42.17659788366031
MSCI World,205.6699981689453,$,0.49841402535144574,0.36110160523687984,10.272909884948355
EUR/USD,1.160941243171692,Rate,-0.10913580545762747,-0.372660806135261,-1.2004152173591076
USD/JPY,159.94000244140625,Rate,-0.01750342413715522,0.42066814275911746,2.0474568377055746
10Y Treasury,4.4770002365112305,%,-0.31173320903643553,0.538966258176532,6.926210955183332
