Asset,Value,Unit,1D %,1W %,YTD %
VIX Index,23.75,% (Vol),12.29314623340121,19.58710609314316,63.68021795565619
Gold,5085.7998046875,$/oz,-0.6718563593762106,-2.7664696551476964,17.879656958194712
Brent Oil,83.2699966430664,$/bbl,2.297291255692402,14.886855389612252,37.06995332192
Bitcoin,70874.359375,USD,-2.5253804843131222,7.81321287110297,-20.125352910546802
Ethereum,2076.8046875,USD,-2.3372000028472506,7.1033162826882545,-30.782274302327618
MSCI World,187.08999633789062,$,-0.9162222853627777,-1.9649968937121898,0.31097627373177783
EUR/USD,1.16130530834198,Rate,-0.1939314784322077,-1.2449236107387018,-1.169432178493146
USD/JPY,156.98300170898438,Rate,-0.5007151484683781,0.7211699198433674,0.16078433548754045
10Y Treasury,4.145999908447266,%,1.6176467150827767,4.644119642080868,-0.9792188047182626
