Asset,Value,Unit,1D %,1W %,YTD %
VIX Index,17.790000915527344,% (Vol),2.476960196184419,-4.560077800180262,22.60510430673004
Gold,5059.0,$/oz,0.16036939580788,2.8168461996397998,17.258485873128127
Brent Oil,69.11000061035156,$/bbl,0.10139005488987163,-0.5038849391510225,13.761317877121915
Bitcoin,68906.4296875,USD,-1.7317998186165418,-2.337115453394889,-22.34318867896952
Ethereum,2017.38720703125,USD,-4.09686947154162,-2.229332485213209,-32.762596712753
MSCI World,191.60000610351562,$,-0.12509916542757793,1.3863956160492075,2.729082487047707
EUR/USD,1.190334439277649,Rate,-0.005958434760244824,0.8617937981796331,1.3010340056605507
USD/JPY,153.9250030517578,Rate,-1.4135479459243983,-1.9067432161904985,-1.7903284644351203
10Y Treasury,4.147000312805176,%,-1.2148556925815623,-2.994146893726668,-0.9553256973330981
