Asset,Value,Unit,1D %,1W %,YTD %
VIX Index,17.68000030517578,% (Vol),-9.053498871043908,-6.553909968910821,21.84700224872589
Gold,4239.89990234375,$/oz,3.6574298151668794,-2.2140732526622187,-1.7267754887424491
Brent Oil,86.70999908447266,$/bbl,-4.060630980829694,-8.000000971381793,42.73250878102495
Bitcoin,63533.5,USD,-0.043351526552659614,0.7020225319606554,-28.39842313061084
Ethereum,1664.93994140625,USD,-0.43896329767536546,-1.4915031002050716,-44.509295043009885
MSCI World,202.32000732421875,$,0.3870269247149061,0.6316857762663108,8.476764400313863
EUR/USD,1.157273530960083,Rate,0.32172888897661345,0.43514003004805346,-1.5125485365434455
USD/JPY,160.18499755859375,Rate,0.034342518019347956,0.006868522476022321,2.203772507738133
10Y Treasury,4.486999988555908,%,0.5377586558555025,-1.427945003664266,7.165039532387518
