Asset,Value,Unit,1D %,1W %,YTD %
VIX Index,17.479999542236328,% (Vol),-2.564108016318145,-8.577412264710048,20.468637260547883
Gold,4832.5,$/oz,-0.5167180737739363,0.15544041450776813,12.0086248234615
Brent Oil,90.37999725341797,$/bbl,-9.06530052476172,-9.03784551305451,48.773658030317634
Bitcoin,74615.9921875,USD,-1.466095736542672,-0.25277152599725294,-15.908572638072481
Ethereum,2287.199951171875,USD,-2.717903059861837,-3.061622759501148,-23.770020460364293
MSCI World,195.7899932861328,$,1.2462448766514145,3.052785738867425,4.975604017272506
EUR/USD,1.1782727241516113,Rate,-0.22385881066527835,0.9214172275472388,0.2745458407958701
USD/JPY,159.19500732421875,Rate,0.24306026293783312,-0.3037233052403887,1.572123238199441
10Y Treasury,4.245999813079834,%,-1.4620608483606912,-1.1868773346655592,1.409123909905441
