Asset,Value,Unit,1D %,1W %,YTD %
VIX Index,16.200000762939453,% (Vol),-8.371037990327757,-18.470054963699422,11.647143400409533
Gold,4339.7998046875,$/oz,0.27263874046903336,5.637495700410544,0.5887238762904534
Brent Oil,82.98999786376953,$/bbl,-4.969659769023204,-9.250956114586584,36.60904998151364
Bitcoin,65738.203125,USD,0.04231398402863018,3.425286833587049,-25.913746223485155
Ethereum,1771.4000244140625,USD,2.7128831531525455,5.927198008251944,-40.9610919463303
MSCI World,203.6300048828125,$,1.3205514713809707,2.301502782550191,9.90925489391219
EUR/USD,1.1603081226348877,Rate,0.2343828039639062,0.6474467303852149,-1.254295675583439
USD/JPY,159.9550018310547,Rate,-0.10928810742614203,-0.13672265544509843,2.0570269861635904
10Y Treasury,4.468999862670898,%,-0.4011617100717402,-1.3030039056839637,6.735134427200329
