Asset,Value,Unit,1D %,1W %,YTD %
VIX Index,18.43000030517578,% (Vol),6.778679378787822,0.27204105926137423,27.015851236799236
Gold,4555.7998046875,$/oz,-2.614315436089598,-3.452230145641022,5.59521388391957
Brent Oil,109.26000213623047,$/bbl,3.3484684777265183,4.8459870416698525,79.85185536828061
Bitcoin,77838.15625,USD,-1.5525363752663335,-3.279595158545401,-12.277228106339189
Ethereum,2171.47998046875,USD,-2.3320381409184687,-4.535373201931103,-27.626845918281408
MSCI World,199.9199981689453,$,-1.3909476412211297,-0.4779005827022065,7.189965179918478
EUR/USD,1.163061261177063,Rate,-0.7292329623066807,-1.174684867512421,-1.019995321094458
USD/JPY,158.7310028076172,Rate,0.557490858075993,1.1940743081170657,1.2760717178942116
10Y Treasury,4.59499979019165,%,3.0038068943107232,4.1950101855015465,9.74444738647784
