Asset,Value,Unit,1D %,1W %,YTD %
VIX Index,29.489999771118164,% (Vol),24.168420088918595,37.54663729729417,103.23914063363672
Gold,5079.60009765625,$/oz,-1.2922407014641424,-0.5443044449043977,17.735958942906827
Brent Oil,109.79000091552734,$/bbl,18.448589948987014,34.87714847354471,80.72428134243184
Bitcoin,66634.7890625,USD,-0.9480899307528157,-8.35612811667491,-24.903303434658476
Ethereum,1957.2996826171875,USD,-0.6172143550497333,-7.956983827862752,-34.765250986300224
MSCI World,184.97999572753906,$,-1.1277998031176573,-2.7342502621225506,-0.8203307191887776
EUR/USD,1.1526048183441162,Rate,-0.7065534239563909,-1.463813333863273,-1.9098699950065967
USD/JPY,158.59100341796875,Rate,0.6709706214982569,0.8482926684905134,1.1867470870678076
10Y Treasury,4.132999897003174,%,-0.31355551691173433,2.099803387122412,-1.2897039270451605
