Asset,Value,Unit,1D %,1W %,YTD %
VIX Index,17.760000228881836,% (Vol),-18.41984448581755,8.690330863118433,22.398345614984528
Gold,4988.60009765625,$/oz,2.6165342878123443,7.919958845997832,15.626743245248264
Brent Oil,67.9000015258789,$/bbl,0.5181324327297565,2.4132705889501116,11.769549836837712
Bitcoin,69920.3515625,USD,11.511981538197391,-11.14315873791546,-21.20050954005276
Ethereum,2036.8118896484375,USD,11.809341785838834,-13.118515675890151,-32.115192379907754
MSCI World,190.24000549316406,$,2.0272437215437256,-0.2202864580290509,1.9998987165223525
EUR/USD,1.177786946296692,Rate,-0.2014054237948315,-0.6018421872036828,0.23320468710275044
USD/JPY,156.78399658203125,Rate,-0.08476510381026925,1.0193172605556189,0.03381192837712543
10Y Treasury,4.206000328063965,%,-0.09500498923434852,-1.614029608519485,0.45379821257234276
