Asset,Value,Unit,1D %,1W %,YTD %
VIX Index,15.859999656677246,% (Vol),0.12625949429734273,4.894178417454409,9.303924235013206
Gold,4601.10009765625,$/oz,-0.3292616960409722,-0.06949388977651738,6.645192884339557
Brent Oil,64.01000213623047,$/bbl,0.3921013508132898,0.21920026097856926,5.366258660461676
Bitcoin,95455.875,USD,-0.09975019933687879,4.674572804602328,7.577753019230848
Ethereum,3292.269775390625,USD,-0.7485916342474419,6.465832907263791,9.727904413604493
MSCI World,189.2100067138672,$,-0.021132515790123207,-0.4419870162600592,1.4476501455970459
EUR/USD,1.1609008312225342,Rate,-0.3204108235253189,-0.1265347647548709,-1.2038543955436354
USD/JPY,158.5959930419922,Rate,0.12247336079174165,0.2826391320410293,1.189930646117432
10Y Treasury,4.230999946594238,%,1.7067332160191517,1.050875349840985,1.050875349840985
