Asset,Value,Unit,1D %,1W %,YTD %
VIX Index,16.049999237060547,% (Vol),4.765010161736205,-5.643744731944633,10.613363086744654
Gold,4508.7998046875,$/oz,-1.1336519090560215,0.18664790965299272,4.505838743370649
Brent Oil,94.51000213623047,$/bbl,2.6724595360300585,-5.091383411928307,55.572019977334094
Bitcoin,70615.0,USD,-4.029220020810776,-3.972928429833844,-20.41764815991697
Ethereum,1987.9200439453125,USD,-0.8192969290418461,-0.9779414554606736,-33.74470640455376
MSCI World,205.36000061035156,$,0.20983162540322287,0.66666696585862,10.106700262019874
EUR/USD,1.164890170097351,Rate,-0.03377967447728558,0.0990151648086135,-0.864349681840515
USD/JPY,159.35299682617188,Rate,0.05210808782862841,0.25101733103367607,1.672926205782721
10Y Treasury,4.474999904632568,%,0.494045264513443,-0.4006259907132992,6.878436128929399
