Asset,Value,Unit,1D %,1W %,YTD %
VIX Index,17.93000030517578,% (Vol),-8.2864398726613,-11.369250069722414,23.569951911416997
Gold,5201.7998046875,$/oz,0.892199110566283,4.539880358874315,20.568327517847386
Brent Oil,70.94999694824219,$/bbl,0.254345504753406,-0.9907991593399945,16.79011843332048
Bitcoin,68524.3125,USD,6.935497114783984,0.7654677211119454,-22.773830673726547
Ethereum,2060.56689453125,USD,11.203498712673898,4.399253997886676,-31.323462940051417
MSCI World,192.3699951171875,$,0.8387014776397583,1.3060170285482897,3.141923104896538
EUR/USD,1.1828720569610596,Rate,0.45423152687515955,0.5062765714674677,0.6659628694554831
USD/JPY,155.96499633789062,Rate,0.05452364152926936,0.5188145506455966,-0.488739595871035
10Y Treasury,4.047999858856201,%,0.37192825474761104,-0.6625755011705037,-3.3197980816044192
