Asset,Value,Unit,1D %,1W %,YTD %
VIX Index,20.3700008392334,% (Vol),-6.430866279706493,24.66340666470095,40.385944299899876
Gold,4951.2001953125,$/oz,1.8472105725236831,7.110874966197955,14.759881035200628
Brent Oil,68.05000305175781,$/bbl,0.7401924165967744,2.6395172239039644,12.016465928819443
Bitcoin,69412.4765625,USD,-1.619881985452476,-8.225279085194293,-21.772879248199505
Ethereum,2095.708984375,USD,1.566454672132589,-5.91902899590655,-30.152213881394985
MSCI World,190.24000549316406,$,2.0272437215437256,-0.2202864580290509,1.9998987165223525
EUR/USD,1.177786946296692,Rate,-0.2014054237948315,-0.6018421872036828,0.23320468710275044
USD/JPY,156.78399658203125,Rate,-0.08476510381026925,1.0193172605556189,0.03381192837712543
10Y Treasury,4.205999851226807,%,-0.09501631553254786,-1.614040762604818,0.4537868240559684
