Asset,Value,Unit,1D %,1W %,YTD %
VIX Index,19.5,% (Vol),3.338628154465928,7.3197573919731695,34.39007368990718
Gold,4767.2001953125,$/oz,-0.8197041888914791,-0.6833292643229183,10.495093250923993
Brent Oil,92.70999908447266,$/bbl,-2.9011354996562044,-2.3385665369918707,52.60905199090149
Bitcoin,76301.6328125,USD,0.5655662360478653,-1.0699800653144576,-14.00887363227078
Ethereum,2323.10009765625,USD,0.3406899213443726,-4.046624334078541,-22.57350616760574
MSCI World,193.27999877929688,$,-1.1406044653441416,-0.025864093148619816,3.6298345782283636
EUR/USD,1.1784392595291138,Rate,0.3676725907713507,-0.12726733778793964,0.28871850133802557
USD/JPY,158.843994140625,Rate,-0.19917024382176685,0.03273886083563493,1.3481642401034444
10Y Treasury,4.291999816894531,%,0.9882309857536686,0.23352993678733558,2.507762697483984
