Asset,Value,Unit,1D %,1W %,YTD %
VIX Index,16.399999618530273,% (Vol),-11.062911369007722,-7.239822763299331,13.025495243524766
Gold,4186.5,$/oz,-3.955124141553512,-0.6761565836298944,-2.9644888104663147
Brent Oil,79.44999694824219,$/bbl,-0.12571477018116228,-9.023250564057994,30.781887980645585
Bitcoin,62679.73046875,USD,-4.452563463437976,-2.703442953277735,-29.360612286261635
Ethereum,1696.0400390625,USD,-5.270232881537273,0.9418701311608713,-43.47276135175919
MSCI World,202.72999572753906,$,0.8657098297528032,0.8727322809130689,9.423475130214154
EUR/USD,1.150734782218933,Rate,-0.8837644086219565,-0.5926198251191228,-2.069015682855424
USD/JPY,160.60000610351562,Rate,0.11282937102048418,0.29351227525851176,2.468562841167765
10Y Treasury,4.450999736785889,%,-0.8023234201434803,-1.700533198313714,6.3052293220131395
