Asset,Value,Unit,1D %,1W %,YTD %
VIX Index,21.770000457763672,% (Vol),16.79185177362963,24.827980453614295,50.034459781957594
Gold,4754.7001953125,$/oz,-3.3676065019089596,0.8655315940939712,10.205365819926925
Brent Oil,67.18000030517578,$/bbl,-3.2824630137470834,-4.965344482962564,10.584362642264654
Bitcoin,64063.63671875,USD,-12.2652736493853,-16.772850445800348,-27.800964702870147
Ethereum,1891.92578125,USD,-11.736780126820756,-16.580462591220446,-36.944094668547386
MSCI World,186.4600067138672,$,-1.333468658399728,-1.6716754138694,-0.02680166985202792
EUR/USD,1.1782727241516113,Rate,-0.1602435249050238,-0.5608454483307823,0.2745458407958701
USD/JPY,156.6230010986328,Rate,-0.18736423313252537,0.9155843913247086,-0.06890896315959738
10Y Treasury,4.210000038146973,%,-1.5204691408286952,-0.7309628872067098,0.5493250880474587
