Asset,Value,Unit,1D %,1W %,YTD %
VIX Index,31.049999237060547,% (Vol),13.155971693667867,18.738048527763883,113.99034284821172
Gold,4496.2998046875,$/oz,0.09572138663178631,2.2048963313808567,4.216111312373583
Brent Oil,108.54000091552734,$/bbl,-3.579993595293729,3.875971992111693,78.66666817370755
Bitcoin,66668.5625,USD,0.5260385860582195,-6.508663497181367,-24.865241130814052
Ethereum,2010.642822265625,USD,0.900702112954832,-7.259091445523403,-32.987379995223606
MSCI World,175.4199981689453,$,-1.4715767333111751,-2.8359340354427554,-5.9460600849914
EUR/USD,1.1535090208053589,Rate,-0.22839647342894898,-0.21685274472527105,-1.8329196512612445
USD/JPY,159.70399475097656,Rate,0.20076799430179815,0.29516387191141913,1.8968754682241462
10Y Treasury,4.440000057220459,%,0.5434820753603464,2.4457762780011105,6.042519025940196
