Asset,Value,Unit,1D %,1W %,YTD %
VIX Index,18.43000030517578,% (Vol),6.778679378787822,0.27204105926137423,27.015851236799236
Gold,4538.5,$/oz,-0.37973145065988145,-2.973749246455404,5.19423564641075
Brent Oil,111.33999633789062,$/bbl,1.9037105628706863,3.3126100083755494,83.27571413644547
Bitcoin,76857.6796875,USD,-1.6302756652851857,-3.051873713164588,-13.382214734786835
Ethereum,2115.25,USD,-2.9591418891735333,-6.304389743174921,-29.50093229120685
MSCI World,199.9199981689453,$,-1.3909476412211297,-0.4779005827022065,7.189965179918478
EUR/USD,1.166208028793335,Rate,-0.46064690808581554,-0.9073040237793428,-0.7521959507785669
USD/JPY,158.3820037841797,Rate,0.3363968972992737,0.9715807026681178,1.0533978262035726
10Y Treasury,4.59499979019165,%,3.0038068943107232,4.1950101855015465,9.74444738647784
