Asset,Value,Unit,1D %,1W %,YTD %
VIX Index,26.780000686645508,% (Vol),11.305075981208423,13.90897671598703,84.56237259969512
Gold,4574.89990234375,$/oz,-0.5607905725966922,-8.392072440053067,6.037919661978619
Brent Oil,106.41000366210938,$/bbl,-2.061663904566069,6.187011909271045,75.16049985532408
Bitcoin,69026.71875,USD,-2.1211178909770867,-6.622827102337048,-22.20762418850164
Ethereum,2090.344482421875,USD,-2.616010460356699,-9.82328439083211,-30.33100711454346
MSCI World,178.0,$,-1.8526690554939163,-3.281891711842355,-4.56275521820576
EUR/USD,1.1575413942337036,Rate,0.9677037642132236,1.2269946964606149,-1.489752567868985
USD/JPY,159.22000122070312,Rate,0.8206512512866304,0.07228276688495683,1.5880702404112768
10Y Treasury,4.390999794006348,%,2.569485006974892,4.052132993279867,4.87222369323892
