Asset,Value,Unit,1D %,1W %,YTD %
VIX Index,18.809999465942383,% (Vol),5.496351914917064,-2.5893320239695705,29.634728940262136
Gold,4591.7001953125,$/oz,0.004360128770564131,-2.7655933502011676,6.427320119725333
Brent Oil,110.80000305175781,$/bbl,-0.41344515157335504,5.453510396475103,82.38683629918981
Bitcoin,76260.703125,USD,-0.11783622565534335,-1.7411124928505606,-14.055000953538633
Ethereum,2270.010009765625,USD,-0.8477985996852233,-2.105333755039518,-24.342943208554534
MSCI World,193.8699951171875,$,-0.28802015105126033,0.025790832256622487,3.94616954968694
EUR/USD,1.171783447265625,Rate,-0.048045845803645904,0.10077664002372533,-0.27771110213384853
USD/JPY,159.552001953125,Rate,0.1223713616542943,0.040125500779453205,1.799898612893136
10Y Treasury,4.418000221252441,%,1.4699156718869677,2.1975541992775627,5.517087045277891
