Asset,Value,Unit,1D %,1W %,YTD %
VIX Index,21.010000228881836,% (Vol),10.0576221107765,3.548542537538757,44.796691229969056
Gold,5219.10009765625,$/oz,3.1585456315653238,6.885256753904101,20.96931707283396
Brent Oil,71.04000091552734,$/bbl,-1.0033461528279553,5.369330828978658,16.938273111979175
Bitcoin,64146.02734375,USD,-5.192720845983823,-4.198924854761588,-27.708111347250597
Ethereum,1826.64990234375,USD,-6.699132192309609,-6.239148032135766,-39.119671364806784
MSCI World,189.5,$,-0.8839387100924245,0.02110909147872153,1.6031341918539832
EUR/USD,1.1784114837646484,Rate,-0.42776276758592635,-0.5715317981576096,0.2863547004029465
USD/JPY,154.9770050048828,Rate,0.41337605505458175,1.193610735243289,-1.1191134946589743
10Y Treasury,4.029000282287598,%,-1.3949996049697044,-0.5676150846232964,-3.773573517143991
