Asset,Value,Unit,1D %,1W %,YTD %
VIX Index,18.6299991607666,% (Vol),3.9040649396350213,-2.4096437304581664,28.394203079914494
Gold,5189.39990234375,$/oz,-0.32652121079571605,2.5715040159452585,20.28092016979386
Brent Oil,70.44999694824219,$/bbl,-0.5645752074716182,-1.8255367182143378,15.967073165830769
Bitcoin,67027.8671875,USD,-1.3717717742573354,-0.9333862331102005,-24.46030858024525
Ethereum,2008.395263671875,USD,-2.2501721770450622,2.583982163746801,-33.062288769827205
MSCI World,191.67999267578125,$,-0.358685064677533,0.25628444380880744,2.7719684312980997
EUR/USD,1.1802195310592651,Rate,-0.10976384680159157,-0.2749881921279007,0.4402249526884727
USD/JPY,155.83599853515625,Rate,-0.23303355966552974,0.9699388843690926,-0.5710448197409512
10Y Treasury,4.0169997215271,%,-0.765813695899209,-1.688699087625889,-4.060188309118495
