Asset,Value,Unit,1D %,1W %,YTD %
VIX Index,16.989999771118164,% (Vol),0.592068591376127,-5.7158749194245795,17.09165749908084
Gold,4618.0,$/oz,-0.25702288591004097,0.5771534356963981,7.036902107552034
Brent Oil,108.08000183105469,$/bbl,-0.08319898254048885,-2.858170271542937,77.90946803465792
Bitcoin,79753.1015625,USD,1.393198417819086,5.248313159290663,-10.119105163424901
Ethereum,2354.10009765625,USD,1.6349038070529343,4.468075862695864,-21.540308626429717
MSCI World,196.75999450683594,$,0.10683869336944873,0.670246906650318,5.495684039401083
EUR/USD,1.172333002090454,Rate,0.3306012944308323,0.14420451318069016,-0.2309423368515806
USD/JPY,157.0330047607422,Rate,-1.9671133594511447,-1.593597535583613,0.19268807556580558
10Y Treasury,4.377999782562256,%,-0.2733504393690689,0.968630471104337,4.561738570912022
