Asset,Value,Unit,1D %,1W %,YTD %
VIX Index,23.8700008392334,% (Vol),-2.7302365578560805,-23.123988966986097,64.50723957757552
Gold,4651.5,$/oz,-2.753390824861668,3.5507569011576035,7.813371622624143
Brent Oil,109.02999877929688,$/bbl,7.7797497353544465,-3.144710780069504,79.47324901941872
Bitcoin,67088.1953125,USD,0.23470964369727287,-1.6782377192958386,-24.392319426813224
Ethereum,2057.840576171875,USD,0.21697449405315705,-2.2268015406770925,-31.414328276353654
MSCI World,181.72000122070312,$,-0.049500214014153165,3.5913824635263936,-2.568223380628132
EUR/USD,1.1522064208984375,Rate,-0.5910801308007807,0.26155075302427555,-1.9437748135691546
USD/JPY,159.6320037841797,Rate,0.5948781401755143,-0.3756941538001546,1.8509426498874548
10Y Treasury,4.313000202178955,%,-0.13891098512972544,-2.8603570586665406,3.009324347793907
