Asset,Value,Unit,1D %,1W %,YTD %
VIX Index,19.489999771118164,% (Vol),-7.366925270736524,-18.349396372521877,34.32115412599202
Gold,4796.5,$/oz,0.9895778503000274,3.1172739976351727,11.174209822189972
Brent Oil,96.16000366210938,$/bbl,1.4881305140995948,-11.804086271008297,58.28807187178497
Bitcoin,72276.0859375,USD,1.6207425698527844,4.775437577996855,-18.5456220250343
Ethereum,2198.2265625,USD,0.36026962372657234,4.230969320176348,-26.73541034442495
MSCI World,188.36000061035156,$,0.37301339368114306,3.6539727850782855,0.9919072210619939
EUR/USD,1.16593599319458,Rate,-0.233193630685391,1.019023191580093,-0.7753469968467153
USD/JPY,158.64199829101562,Rate,-0.046627388139453,-0.5323178346948398,1.219283644694169
10Y Treasury,4.293000221252441,%,0.04661691750715846,-0.46371388798938096,2.5316558048691595
