Asset,Value,Unit,1D %,1W %,YTD %
VIX Index,19.440000534057617,% (Vol),-12.511246018023325,-9.623429441180553,33.97656945147889
Gold,4206.60009765625,$/oz,2.3952070898595856,-3.0089229453228783,-2.4986048379274983
Brent Oil,89.30999755859375,$/bbl,-4.070892564601758,-4.06058537759153,47.01234166023662
Bitcoin,63487.19921875,USD,3.3164096563871537,0.39165333534454394,-28.450603617248362
Ethereum,1672.5899658203125,USD,3.237519296018565,-0.8186850803310386,-44.25432773931486
MSCI World,201.5399932861328,$,2.0765755642366823,0.5788942883790726,8.058548722302383
EUR/USD,1.1535621881484985,Rate,0.0023045384526243495,-0.6633032883582635,-1.8283949507588826
USD/JPY,160.52699279785156,Rate,0.08915484706104593,0.33563803128342506,2.4219777339738124
10Y Treasury,4.463000297546387,%,-1.7393113723672138,-1.6093360010705715,6.591844113987655
