Asset,Value,Unit,1D %,1W %,YTD %
VIX Index,19.309999465942383,% (Vol),2.061307547969271,10.46910738918665,33.08062826564437
Gold,4708.2998046875,$/oz,-0.511361760433171,-3.073540224951532,9.129888542083652
Brent Oil,106.73999786376953,$/bbl,4.739470148263747,18.10135108156674,75.70370018727495
Bitcoin,78464.7578125,USD,0.3345855148607857,6.239688466198046,-11.57105482855939
Ethereum,2333.7900390625,USD,-1.7801568504232756,3.040864063123183,-22.217221613533056
MSCI World,193.82000732421875,$,-0.5643293941410499,-1.0061729554457166,3.919367879834934
EUR/USD,1.1706037521362305,Rate,-0.32543301491088084,-0.6508656152507286,-0.3781066989306914
USD/JPY,159.48800659179688,Rate,0.07216121449133972,0.18405053808088212,1.7590672775595229
10Y Treasury,4.322999954223633,%,0.6753564146644297,1.813474906583834,3.248152924998071
