Asset,Value,Unit,1D %,1W %,YTD %
VIX Index,17.940000534057617,% (Vol),-1.2658202601573132,-6.708263332744169,23.638871475332166
Gold,4792.5,$/oz,-0.15625000000000222,0.6426027065623341,11.081497044270927
Brent Oil,98.33000183105469,$/bbl,3.5815880279666867,3.287820360450433,61.86008531860854
Bitcoin,74613.359375,USD,-0.25629108986375826,5.4555014798315815,-15.911539789679141
Ethereum,2329.7099609375,USD,-1.259921355543847,6.272635505658819,-22.353206345357446
MSCI World,193.3800048828125,$,0.025864093148619816,2.65420950759101,3.6834542803682035
EUR/USD,1.1809163093566895,Rate,0.08266264648575383,1.0085000647984232,0.49952287743357804
USD/JPY,158.8090057373047,Rate,0.0107047522661885,-0.19042798490616075,1.3258403841377664
10Y Treasury,4.309000015258789,%,0.6305453059324506,-0.18531149330003327,2.9137860838023943
