Asset,Value,Unit,1D %,1W %,YTD %
VIX Index,18.170000076293945,% (Vol),-1.0348612622076536,-6.772702464472569,25.223982010192934
Gold,4841.39990234375,$/oz,0.33989434909327265,1.0266621807531129,12.21490849083584
Brent Oil,94.95999908447266,$/bbl,0.17934187921024858,-1.000833092992559,56.31275569460519
Bitcoin,74647.3828125,USD,0.6278826267376303,2.180720305654593,-15.873195738501146
Ethereum,2351.43994140625,USD,1.2108313003243332,2.890088813559477,-21.628968848902097
MSCI World,193.3300018310547,$,0.6927092870076423,2.6385650905704994,3.6566444292982725
EUR/USD,1.179940938949585,Rate,0.25958134948469436,1.20117620836393,0.4165159278588293
USD/JPY,158.79200744628906,Rate,-0.26505022067232487,0.09455828651265819,1.3149948649289867
10Y Treasury,4.2820000648498535,%,0.6109027874022122,-0.25623470383560054,2.2689341202798197
