Asset,Value,Unit,1D %,1W %,YTD %
VIX Index,20.81999969482422,% (Vol),17.960340763780213,2.2091253659847876,43.487245805706245
Gold,4990.2001953125,$/oz,-1.6050142120110689,0.7876878021802147,15.663830619911456
Brent Oil,67.66999816894531,$/bbl,-2.492800171320575,-0.5584200819557239,11.390943487975825
Bitcoin,66082.3828125,USD,-1.357753704618514,-5.95226645659801,-25.525859386597315
Ethereum,1936.4564208984375,USD,-0.21461770572483996,-7.291709158463144,-35.45993507526477
MSCI World,189.02000427246094,$,-1.4648373725547503,-0.641295829202948,1.3457776202620675
EUR/USD,1.1868027448654175,Rate,-0.06765463173746822,0.3572312411512568,1.0004762095102704
USD/JPY,153.31500244140625,Rate,0.030016017502676462,-2.4986649869875643,-2.1795307278190346
10Y Treasury,4.104000091552734,%,-1.6299098969771109,-2.4251013619109085,-1.9823193283053042
