Asset,Value,Unit,1D %,1W %,YTD %
VIX Index,18.639999389648438,% (Vol),3.555552164713549,10.426542158678087,28.463122643829664
Gold,5020.0,$/oz,2.3716744510333676,-5.610708254793872,16.35453628841732
Brent Oil,68.61000061035156,$/bbl,1.9010823473741612,-2.9698748427536503,12.938272609632207
Bitcoin,72725.1328125,USD,-3.8454021828524754,-7.499237591522556,-18.039550986318176
Ethereum,2149.7763671875,USD,-3.491825642494839,-12.077887221450501,-28.350204623985377
MSCI World,188.97999572753906,$,-0.24282448687650282,-0.9538822301407568,1.324326466918957
EUR/USD,1.1807769536972046,Rate,-0.07084272883931542,-1.3201087672309875,0.48766329248455254
USD/JPY,156.8509979248047,Rate,0.6752302520076858,2.408557801272715,0.07656118766419251
10Y Treasury,4.275000095367432,%,0.023395589178365483,1.1355537300801855,2.10175069968197
