Asset,Value,Unit,1D %,1W %,YTD %
VIX Index,17.190000534057617,% (Vol),0.6440316794081857,-6.014217202886407,18.47002248725882
Gold,4723.7001953125,$/oz,0.5085406106269064,4.518203237360319,9.486841791054236
Brent Oil,100.48999786376953,$/bbl,0.42974247018543466,-12.189797518380152,65.41563434365354
Bitcoin,80432.796875,USD,0.5284398559984638,0.7577433173627801,-9.353095795678247
Ethereum,2317.320068359375,USD,1.1440929962639013,-1.239215044842068,-22.76614849203983
MSCI World,200.63999938964844,$,0.7633609430164778,2.5976692035561078,7.576004127915303
EUR/USD,1.1789672374725342,Rate,0.35958341295041496,0.5376126015539828,0.33365100924154234
USD/JPY,156.62100219726562,Rate,0.07220499589155605,-0.1434469828415219,-0.07018433391036139
10Y Treasury,4.363999843597412,%,-0.6375308174456418,-1.8443601834332246,4.227371729716345
