Asset,Value,Unit,1D %,1W %,YTD %
VIX Index,16.09000015258789,% (Vol),2.877236568970143,1.4501923133006578,10.88904134240536
Gold,4983.10009765625,$/oz,1.5136142422797372,8.602131542869396,15.499263175609567
Brent Oil,65.3499984741211,$/bbl,2.013738627366357,1.9023877638449482,7.572013949170531
Bitcoin,89371.7890625,USD,-0.1013431437804635,-3.437797019632205,0.7210530588339426
Ethereum,2949.87744140625,USD,0.008276982258625942,-7.429300358554746,-1.6836735731754038
MSCI World,188.86000061035156,$,0.15910217206307475,-0.18498287146351267,1.2599893693254538
EUR/USD,1.1754610538482666,Rate,0.6993976815965031,1.1155079508692989,0.035264257726930204
USD/JPY,158.50100708007812,Rate,0.028407526087748103,0.6131992227204952,1.1293261963196688
10Y Treasury,4.238999843597412,%,-0.2353548767063396,0.189078163652856,1.2419404893076136
