Asset,Value,Unit,1D %,1W %,YTD %
VIX Index,16.75,% (Vol),4.818526156577807,8.414240820606821,15.437627400304876
Gold,4620.2001953125,$/oz,0.6754989688979807,3.831718824104424,7.087898662398628
Brent Oil,65.36000061035156,$/bbl,-0.16801681426695803,5.436358833097743,7.58847837094907
Bitcoin,96858.3359375,USD,1.6119659823289334,7.160003841136997,9.158311537535702
Ethereum,3338.814697265625,USD,0.5032738669815684,8.318811129291248,11.279197924426443
MSCI World,188.92999267578125,$,-0.3165757966443694,0.3665465164057524,1.297516615849026
EUR/USD,1.1641442775726318,Rate,-0.00931760330764586,-0.14086860382811484,-0.9278273747626797
USD/JPY,159.1790008544922,Rate,0.7551355689763284,1.5619105365387354,1.5619105365387354
10Y Treasury,4.140000343322754,%,-0.7432189034666026,-1.0279642245605403,-1.1225091179309366
