Asset,Value,Unit,1D %,1W %,YTD %
VIX Index,16.59000015258789,% (Vol),0.8510600799718215,-12.17575072194511,14.334940667787599
Gold,4063.800048828125,$/oz,1.0166831757495665,0.8262014347630631,-5.808452141385622
Brent Oil,70.91999816894531,$/bbl,-2.7427318297050474,-5.766680632601073,16.74073772665896
Bitcoin,60193.5703125,USD,2.791568952925827,0.4228766154230179,-32.16248826566379
Ethereum,1618.72998046875,USD,3.131155928928786,2.999623051887812,-46.04942465650876
MSCI World,202.0800018310547,$,-0.2763509476314985,1.3999742279664273,9.07264105303922
EUR/USD,1.1413310766220093,Rate,-0.07645980459228818,0.5204518653156187,-2.8692992578070897
USD/JPY,162.6280059814453,Rate,0.4353932504858271,0.5347363059247545,3.7624994852272664
10Y Treasury,4.474999904632568,%,2.355893917479901,-0.4006259907132992,6.878436128929399
