Asset,Value,Unit,1D %,1W %,YTD %
VIX Index,24.170000076293945,% (Vol),1.2568044680059565,-21.038877509462594,66.57477391477977
Gold,4680.39990234375,$/oz,0.6213028559335587,3.4113986377319883,8.483219179593782
Brent Oil,109.87999725341797,$/bbl,0.7796005536436779,-2.5713792846850603,80.8724234624164
Bitcoin,68752.7734375,USD,-0.3321523547334615,2.7870279126770647,-22.516357633864757
Ethereum,2113.539794921875,USD,0.21546699487384746,2.756019441491553,-29.557931635775414
MSCI World,182.52000427246094,$,0.4402394047896774,4.3329151281986,-2.139290307163011
EUR/USD,1.150999665260315,Rate,-0.2750900931932976,0.43623719852854403,-2.046473340890731
USD/JPY,159.77999877929688,Rate,0.18120236860388328,-0.0381658256438433,1.945368763716937
10Y Treasury,4.335000038146973,%,0.5100819600449613,-0.16121532635011704,3.5347563284562122
