Asset,Value,Unit,1D %,1W %,YTD %
VIX Index,17.280000686645508,% (Vol),5.36586029624615,6.666665881749578,19.09028541743265
Gold,4177.10009765625,$/oz,-1.1126630267610849,-3.4865966345598465,-3.182361575080539
Brent Oil,77.97000122070312,$/bbl,-2.354411132552825,-6.252250887007715,28.345681021733537
Bitcoin,64112.73046875,USD,1.3839744860802083,1.9337456635243333,-27.745636570240407
Ethereum,1729.1400146484375,USD,1.4407912847420157,1.1468958044765332,-42.36957382310186
MSCI World,202.3699951171875,$,-0.17757639122895075,-0.6187741174735639,9.229164871920602
EUR/USD,1.1462763547897339,Rate,0.036682789685582584,-1.1336611582942968,-2.448441240676935
USD/JPY,161.43299865722656,Rate,0.08927899055424238,0.7514212293805667,3.0000419606712736
10Y Treasury,4.508999824523926,%,1.3030691556329632,0.895053996021411,7.690471513049824
