Asset,Value,Unit,1D %,1W %,YTD %
VIX Index,18.440000534057617,% (Vol),12.370510088491216,-5.144032780493324,27.08477080071441
Gold,4245.89990234375,$/oz,0.5160816311998717,-1.8969523488042928,-1.5877063218638576
Brent Oil,80.58999633789062,$/bbl,0.9267349754669807,-3.102082346826396,32.658430185828195
Bitcoin,64174.2109375,USD,0.9967999171792474,-3.190986600442003,-27.676348737692702
Ethereum,1734.43994140625,USD,1.3709971085233974,-3.371729754013819,-42.19293281359913
MSCI World,202.72999572753906,$,0.8657098297528032,0.8727322809130689,9.423475130214154
EUR/USD,1.1469204425811768,Rate,-0.33146991789031466,-1.1538038726566446,-2.393627436160639
USD/JPY,161.27499389648438,Rate,-0.00868476351899572,0.6528093945128655,2.8992292574334
10Y Treasury,4.486999988555908,%,0.5377586558555025,-1.427945003664266,7.165039532387518
