Asset,Value,Unit,1D %,1W %,YTD %
VIX Index,16.34000015258789,% (Vol),-6.307341443720693,-0.061163477972570046,12.611991005096467
Gold,4850.2998046875,$/oz,2.893568068255581,-4.519776020592802,12.421192158210182
Brent Oil,66.41000366210938,$/bbl,-6.05460267573833,-1.7167323338077467,9.316878456147126
Bitcoin,78694.7734375,USD,2.234934097953989,-6.93791682707583,-11.311829672466967
Ethereum,2337.62158203125,USD,3.071332365367496,-17.05363399480625,-22.08952029823554
MSCI World,190.66000366210938,$,0.5431623439198896,-0.3293374698806639,2.2250867393175167
EUR/USD,1.1810559034347534,Rate,-0.32596180109991657,-1.7231601738257663,0.5114027525193743
USD/JPY,155.56900024414062,Rate,0.23646886273736012,2.043906813623253,-0.7413993036865074
10Y Treasury,4.275000095367432,%,0.8016957907232447,1.2313531888639817,2.10175069968197
