Asset,Value,Unit,1D %,1W %,YTD %
VIX Index,25.09000015258789,% (Vol),12.159138181989015,-8.061563536583494,72.91522919928559
Gold,4840.2001953125,$/oz,-3.215353023145373,-5.387224283531856,12.187101447946791
Brent Oil,106.13999938964844,$/bbl,2.6300534411727305,5.653991993768281,74.71604837802212
Bitcoin,70974.1328125,USD,-3.9884266424802917,-0.3377005601026495,-20.01290931063999
Ethereum,2188.573486328125,USD,-5.585720188226184,4.362567256681782,-27.057137265894827
MSCI World,181.77000427246094,$,-1.47433527005012,-0.753475113301616,-2.541413529558212
EUR/USD,1.1481056213378906,Rate,-0.5063109896788376,-0.352464968193722,-2.292765166217814
USD/JPY,159.6649932861328,Rate,0.48838225478851083,0.2883054985928224,1.8719911351023688
10Y Treasury,4.258999824523926,%,1.3564893256907684,-0.3276372511056058,1.7196090322323387
