Asset,Value,Unit,1D %,1W %,YTD %
VIX Index,27.190000534057617,% (Vol),-0.36643597696923713,6.627453074735756,87.38800899490353
Gold,5023.10009765625,$/oz,-1.8120276510099398,-1.343413578390451,16.42639095480014
Brent Oil,103.86000061035156,$/bbl,3.384433164308498,4.951497141482641,70.96296396765689
Bitcoin,70718.34375,USD,0.31901230200539477,3.3857898544972453,-20.30118085590261
Ethereum,2088.5439453125,USD,0.7432080254690332,4.797224085286489,-30.39101713113064
MSCI World,181.75,$,-0.7643974573516177,-2.520781456245824,-2.552139106229756
EUR/USD,1.1423349380493164,Rate,-1.038381319793935,-0.8670332763628608,-2.7838676368869053
USD/JPY,159.72000122070312,Rate,0.3228569205012466,1.1859471980265823,1.9070881698848297
10Y Treasury,4.284999847412109,%,0.28083511789249727,3.6025068997850074,2.3405792768861566
