Asset,Value,Unit,1D %,1W %,YTD %
VIX Index,15.640000343322754,% (Vol),-7.455617181351726,-1.262625046329069,7.787733264067609
Gold,4959.60009765625,$/oz,2.644983197457118,7.436698383847484,14.954575605335108
Brent Oil,64.36000061035156,$/bbl,-1.3488615607491705,0.9410324727309849,5.942387835969654
Bitcoin,89515.609375,USD,0.1551277152922692,-4.398830992239011,0.8831370170740538
Ethereum,2953.55908203125,USD,-0.8507177636599361,-9.984239140059149,-1.5609683460385049
MSCI World,188.55999755859375,$,0.47958748743544,-0.3645983838342137,1.0991384441237928
EUR/USD,1.1752262115478516,Rate,0.679279211380468,1.0953063470670488,0.015278472996760328
USD/JPY,158.54400634765625,Rate,0.05554393575393224,0.6404942787896495,1.1567612709429742
10Y Treasury,4.249000072479248,%,-0.09404444597921335,2.139428565664603,1.4807804550281745
