Asset,Value,Unit,1D %,1W %,YTD %
VIX Index,16.760000228881836,% (Vol),-3.8990841992684877,-9.061313340428711,15.50654696422007
Gold,4525.2001953125,$/oz,-0.13461058940946735,-0.6716627307353562,4.885970186820998
Brent Oil,104.58000183105469,$/bbl,-0.41896288904591517,-4.28336098633838,72.14815116222995
Bitcoin,77581.109375,USD,0.15922990298644635,0.19599520005988413,-12.566917192873838
Ethereum,2134.050048828125,USD,0.3322381545533659,0.3010269270732113,-28.874346348522717
MSCI World,202.07000732421875,$,0.28785637760795346,1.075434761387184,8.342723326182133
EUR/USD,1.1625338792800903,Rate,0.15694132339709732,-0.31505095339176004,-1.0648771036560145
USD/JPY,158.88800048828125,Rate,-0.09243447696611895,0.31947866046135864,1.3762418679294175
10Y Treasury,4.585999965667725,%,0.30621038676896806,-0.1958612608239152,9.529500528142453
