Asset,Value,Unit,1D %,1W %,YTD %
VIX Index,18.6299991607666,% (Vol),-4.412522424068877,1.03036128636802,28.394203079914494
Gold,4002.5,$/oz,-3.0848181640298233,-8.17637271624696,-7.229276594742961
Brent Oil,72.30000305175781,$/bbl,-6.201347516537115,-9.113764578089222,19.012350702481996
Bitcoin,60788.6484375,USD,-2.9989316844659997,-5.372112019216124,-31.491841565726286
Ethereum,1615.9200439453125,USD,-2.9731974576747033,-7.093730175345836,-46.14307689866607
MSCI World,199.0,$,-0.21561083667104297,-0.9901017158943981,7.410210673400797
EUR/USD,1.1379542350769043,Rate,-0.4164921024651491,-1.1106422904315405,-3.1566786101175137
USD/JPY,161.5989990234375,Rate,0.017943738258652253,0.6220379090633221,3.1059561469122032
10Y Treasury,4.4019999504089355,%,-1.1008820683525822,-1.4992149098416063,5.134945377828259
