Asset,Value,Unit,1D %,1W %,YTD %
VIX Index,19.1200008392334,% (Vol),-0.5720161498773413,-25.833978549357084,31.77119598644429
Gold,4794.10009765625,$/oz,0.6762047916347713,2.941744800996382,11.118584418934097
Brent Oil,97.80000305175781,$/bbl,2.7310989357795634,-10.496928657164384,60.98765934445731
Bitcoin,74372.703125,USD,5.115367678852922,3.629585941298119,-16.182756816656617
Ethereum,2374.090087890625,USD,8.297090538458862,8.44832689360473,-20.874063182613934
MSCI World,189.99000549316406,$,0.8546557854444803,4.121227720805054,1.8658576423906226
EUR/USD,1.1675150394439697,Rate,-0.13776420653230925,1.16051579351939,-0.6409654209401872
USD/JPY,159.67999267578125,Rate,0.35697695070489033,-0.0018824680589557552,1.8815612835603845
10Y Treasury,4.296999931335449,%,-0.46328425603405776,-1.0591757886615483,2.6271826803442755
