Asset,Value,Unit,1D %,1W %,YTD %
VIX Index,24.540000915527344,% (Vol),-2.8118775622679504,-10.56851152364553,69.12474519939022
Gold,4698.0,$/oz,1.084428549891081,7.370586218717867,8.89115766593318
Brent Oil,106.0999984741211,$/bbl,-10.35065497079718,-1.768358137517978,74.65020324958205
Bitcoin,67166.453125,USD,-1.5635462150544122,1.2767818195033254,-24.30412370680175
Ethereum,2093.125732421875,USD,-0.5503147298682176,5.039967155418901,-30.238310964175852
MSCI World,181.80999755859375,$,0.9943302097825013,2.1175041645851156,-2.5199705574330045
EUR/USD,1.1574207544326782,Rate,0.9965414754568247,0.10994499553846904,-1.5000193770806303
USD/JPY,158.57899475097656,Rate,-0.7895400053840707,-0.5050744874054436,1.17908512690863
10Y Treasury,4.318999767303467,%,0.18556940950722467,-2.196560790314417,3.152614661006581
