Asset,Value,Unit,1D %,1W %,YTD %
VIX Index,16.059999465942383,% (Vol),1.838928343441748,2.033034939501066,10.682282650659847
Gold,4499.7998046875,$/oz,0.2383485954531528,0.01111284025747672,4.297234993052768
Brent Oil,96.56999969482422,$/bbl,0.5937496821085686,3.051969521175102,58.96296246061601
Bitcoin,63605.76171875,USD,-4.644264955491106,-13.7605542602662,-28.31698494430296
Ethereum,1783.9599609375,USD,-3.970269696995976,-11.661458749536525,-40.54248241299666
MSCI World,204.64999389648438,$,-0.7420694701948172,-0.0732466567568979,9.72602001174987
EUR/USD,1.1622096300125122,Rate,-0.11505497999036995,0.036036002757700025,-1.0924716896793973
USD/JPY,159.96800231933594,Rate,0.20797359563100581,0.2506825757106368,2.065321763870842
10Y Treasury,4.491000175476074,%,0.808086473323022,0.808086473323022,7.260577796379031
