Asset,Value,Unit,1D %,1W %,YTD %
VIX Index,24.059999465942383,% (Vol),-4.105223915430189,-11.51158884382757,65.8166718567756
Gold,4660.5,$/oz,-4.691300577212177,-7.758535378525478,8.021975372942025
Brent Oil,102.0199966430664,$/bbl,-4.991619247020374,-1.085905325974279,67.9341508527842
Bitcoin,70386.609375,USD,-1.2056449994593987,-3.301700130373064,-20.67504195834119
Ethereum,2150.72021484375,USD,-2.4028723369722393,-1.2287666823299626,-28.318747169866587
MSCI World,181.36000061035156,$,-0.22556178273220873,-0.21458013185609026,-2.7612428546265444
EUR/USD,1.1574074029922485,Rate,0.956016244404756,1.2152771624219127,-1.5011556247404134
USD/JPY,157.8350067138672,Rate,-1.2265662114191445,-1.0860489098296289,0.7043940806051863
10Y Treasury,4.281000137329102,%,0.5165605473495205,-0.09334212894834826,2.2450524014110407
