Asset,Value,Unit,1D %,1W %,YTD %
VIX Index,18.43000030517578,% (Vol),6.778679378787822,0.27204105926137423,27.015851236799236
Gold,4543.60009765625,$/oz,-2.8750988049055404,-3.7107697121803285,5.312446701753104
Brent Oil,109.23999786376953,$/bbl,3.3295465403164304,4.826790925522939,79.81892652472351
Bitcoin,79126.0234375,USD,-2.375320013571658,-3.184054405881076,-10.825815522059322
Ethereum,2229.050048828125,USD,-2.274714967575253,-4.715424364502607,-25.70809581911232
MSCI World,199.9199981689453,$,-1.3909476412211297,-0.4779005827022065,7.189965179918478
EUR/USD,1.163061261177063,Rate,-0.7292329623066807,-1.174684867512421,-1.019995321094458
USD/JPY,158.7310028076172,Rate,0.557490858075993,1.1940743081170657,1.2760717178942116
10Y Treasury,4.595000267028809,%,3.0038175833302594,4.195020998135912,9.744458774994236
