Asset,Value,Unit,1D %,1W %,YTD %
VIX Index,21.200000762939453,% (Vol),2.9126231570822947,19.168070106369782,46.10613665423187
Gold,4967.39990234375,$/oz,-1.0872181930754676,-0.7274452169259704,15.135360995286163
Brent Oil,68.5199966430664,$/bbl,1.1365264104301165,-0.406986041091828,12.79011793097351
Bitcoin,68892.1640625,USD,0.151154676811327,4.0323859338331935,-22.359265886191338
Ethereum,2001.7960205078125,USD,1.818528502484562,2.817515059245723,-33.28223463468953
MSCI World,189.39999389648438,$,0.20103143341152485,-1.271894541276286,1.549514489714121
EUR/USD,1.1846938133239746,Rate,-0.17296573402051374,-0.35896285182660526,0.820999804605993
USD/JPY,153.35699462890625,Rate,0.3783161590108497,-0.7282402086420836,-2.152738206398408
10Y Treasury,4.056000232696533,%,-1.1695871780071143,-3.3825565287163184,-3.1287215536214052
