Asset,Value,Unit,1D %,1W %,YTD %
VIX Index,25.25,% (Vol),-17.510619090085676,-0.31583073015007956,74.01791593180289
Gold,4713.5,$/oz,4.142730888201496,3.597964797128994,9.250419680369525
Brent Oil,105.87000274658203,$/bbl,-6.1269694161260375,3.5707312485725673,74.27160945939428
Bitcoin,67826.921875,USD,1.70258202859368,2.2438699696819553,-23.559782469927438
Ethereum,2092.501708984375,USD,3.409256668151084,5.083672030651343,-30.259109011958472
MSCI World,180.02000427246094,$,2.903853755664687,-0.6457299813347417,-3.4797010484803437
EUR/USD,1.1460003852844238,Rate,-0.27847987291541587,-1.3316613112488995,-2.4719270740019894
USD/JPY,159.84100341796875,Rate,-0.2452601371571217,0.7075448797379424,1.9842919107516899
10Y Treasury,4.310999870300293,%,-0.7139598635336419,-0.3927957045874897,2.9615495215399523
