Asset,Value,Unit,1D %,1W %,YTD %
VIX Index,23.8700008392334,% (Vol),-2.7302365578560805,-23.123988966986097,64.50723957757552
Gold,4661.0,$/oz,0.20423519294852088,2.982766239505086,8.033564470181908
Brent Oil,110.72000122070312,$/bbl,1.5500343578167097,-1.8265628488124297,82.25514604230968
Bitcoin,68829.703125,USD,2.2873765874787733,1.1033554412956947,-22.42965869656287
Ethereum,2117.111572265625,USD,2.5061113422729875,-1.0111335647646325,-29.43888803676925
MSCI World,181.72000122070312,$,-0.049500214014153165,3.5913824635263936,-2.568223380628132
EUR/USD,1.1541746854782104,Rate,-0.42126415655940885,0.4328232398642662,-1.7762695893661862
USD/JPY,159.49099731445312,Rate,0.5060204656311296,-0.46369450043066696,1.7609754658583832
10Y Treasury,4.313000202178955,%,-0.13891098512972544,-2.8603570586665406,3.009324347793907
