Asset,Value,Unit,1D %,1W %,YTD %
VIX Index,31.049999237060547,% (Vol),13.155971693667867,18.738048527763883,113.99034284821172
Gold,4521.2998046875,$/oz,3.332186143012228,2.6611499382954706,4.795566174367694
Brent Oil,106.83999633789062,$/bbl,-1.0832383808900836,6.904136209652156,75.86830672903805
Bitcoin,66227.265625,USD,-3.727720307522897,-6.610171396112985,-25.36257800218953
Ethereum,1988.0970458984375,USD,-3.470677509203679,-7.622575350049177,-33.73880711478756
MSCI World,175.4199981689453,$,-1.4715767333111751,-2.8359340354427554,-5.9460600849914
EUR/USD,1.1535090208053589,Rate,-0.22839647342894898,-0.21685274472527105,-1.8329196512612445
USD/JPY,159.70399475097656,Rate,0.20076799430179815,0.29516387191141913,1.8968754682241462
10Y Treasury,4.440000057220459,%,0.5434820753603464,2.4457762780011105,6.042519025940196
