Asset,Value,Unit,1D %,1W %,YTD %
VIX Index,17.68000030517578,% (Vol),-9.053498871043908,-6.553909968910821,21.84700224872589
Gold,4215.0,$/oz,3.0486749060769203,-2.788346250299689,-2.30391026779303
Brent Oil,87.33000183105469,$/bbl,-3.3746354448444427,-7.342173123549401,43.753089433834866
Bitcoin,64460.33984375,USD,1.4433340408982254,4.569087970653984,-27.353884512120153
Ethereum,1681.280029296875,USD,0.9700289434720011,2.6606330173769566,-43.9646970226488
MSCI World,202.32000732421875,$,0.3870269247149061,0.6316857762663108,8.476764400313863
EUR/USD,1.157273530960083,Rate,0.32172888897661345,0.43514003004805346,-1.5125485365434455
USD/JPY,160.18499755859375,Rate,0.034342518019347956,0.006868522476022321,2.203772507738133
10Y Treasury,4.486999988555908,%,0.5377586558555025,-1.427945003664266,7.165039532387518
