Asset,Value,Unit,1D %,1W %,YTD %
VIX Index,19.09000015258789,% (Vol),-5.635192365023734,-7.330098062717139,31.564437294698777
Gold,5130.0,$/oz,3.0969292124157333,2.1505376344086002,18.904137681191415
Brent Oil,71.19000244140625,$/bbl,-0.6558766350602929,5.077494378459413,17.185189203960903
Bitcoin,67868.1953125,USD,1.360074011473933,-1.4162060408146937,-23.51326774607592
Ethereum,1964.781982421875,USD,0.8510893995693936,-1.6585138506631236,-34.51587376821813
MSCI World,191.19000244140625,$,0.6846084869852609,0.9450942991583222,2.5092531619793634
EUR/USD,1.1769136190414429,Rate,-0.1671319050741693,-0.8285559907629692,0.15888191607065227
USD/JPY,155.16000366210938,Rate,0.30189505581004195,1.5584580313157792,-1.0023537892092538
10Y Treasury,4.085999965667725,%,0.2699425010420198,0.7396383444299381,-2.4122244334924825
