Asset,Value,Unit,1D %,1W %,YTD %
VIX Index,17.649999618530273,% (Vol),-0.7869662158076385,-18.92512977768043,21.640243556980355
Gold,5071.5,$/oz,1.3529756975704688,4.321802400065011,17.54821330412519
Brent Oil,69.62999725341797,$/bbl,1.2063868675060263,3.0791918692682163,14.617279429494602
Bitcoin,67594.78125,USD,-1.7431467401469503,-2.4352476271107704,-23.821402478355203
Ethereum,1964.8929443359375,USD,-2.703865387494697,-6.010686812513066,-34.51217552380608
MSCI World,191.8300018310547,$,0.12003951994385975,2.879971534822512,2.852397984507893
EUR/USD,1.187930703163147,Rate,-0.08671777290230054,0.8612556709301389,1.0964688466254424
USD/JPY,154.48199462890625,Rate,-1.056803932110062,-1.5517838741707424,-1.434947865082914
10Y Treasury,4.171999931335449,%,0.6028477539497201,-0.9026153555155125,-0.3582485600644558
