Asset,Value,Unit,1D %,1W %,YTD %
VIX Index,30.610000610351562,% (Vol),-1.4170648551379394,13.580704058625459,110.95796090632052
Gold,4596.7001953125,$/oz,2.330814677482196,4.487086568064025,6.543211092124146
Brent Oil,107.27999877929688,$/bbl,-4.6992990404801205,2.6701129032128623,76.59259058320474
Bitcoin,67637.9296875,USD,2.551754690407626,-1.677086872856981,-23.772774649501915
Ethereum,2054.388916015625,USD,3.623054776549095,-0.2519667715856544,-31.529368495270194
MSCI World,174.94000244140625,$,-0.2736265719697428,-2.7300547653489327,-6.203416656583316
EUR/USD,1.149200677871704,Rate,-0.3734988505462056,-0.991767281929512,-2.199572567978547
USD/JPY,160.23399353027344,Rate,0.33186319485827287,1.1073956680480057,2.2350336946137306
10Y Treasury,4.3420000076293945,%,-2.2072082956776984,-1.1384378068444834,3.7019397490540396
