Asset,Value,Unit,1D %,1W %,YTD %
VIX Index,16.09000015258789,% (Vol),2.877236568970143,1.4501923133006578,10.88904134240536
Gold,4976.2001953125,$/oz,1.3730523408316264,8.451754450841609,15.33933589719474
Brent Oil,65.87999725341797,$/bbl,2.8410861133104426,2.7288321767497514,8.444439923321756
Bitcoin,89119.921875,USD,-0.42897933190043647,0.9160993351259972,0.43720142486669555
Ethereum,2952.430419921875,USD,-0.027966679392066318,0.5731255719175987,-1.5985854723683413
MSCI World,188.86000061035156,$,0.15910217206307475,-0.18498287146351267,1.2599893693254538
EUR/USD,1.1754610538482666,Rate,0.6993976815965031,1.1155079508692989,0.035264257726930204
USD/JPY,158.50100708007812,Rate,0.028407526087748103,0.6131992227204952,1.1293261963196688
10Y Treasury,4.238999843597412,%,-0.2353548767063396,0.189078163652856,1.2419404893076136
