Asset,Value,Unit,1D %,1W %,YTD %
VIX Index,19.8700008392334,% (Vol),5.021145661250648,23.72354607713836,36.94004497451764
Gold,4210.60009765625,$/oz,-2.889822355441596,-5.096131983295404,-2.405892060008441
Brent Oil,92.19999694824219,$/bbl,-2.17506955093667,-5.735610623025378,51.76954230163322
Bitcoin,61225.28125,USD,-2.9565559592478308,0.49671705350333717,-30.999761043042717
Ethereum,1622.3399658203125,USD,-4.0119901511639355,2.6238315815743984,-45.92910762460826
MSCI World,200.3800048828125,$,-0.333249519410761,-2.086483821656848,7.436604356056753
EUR/USD,1.1528440713882446,Rate,0.05072495404958577,-0.8058407349599062,-1.8895088427459572
USD/JPY,160.1739959716797,Rate,-0.09542989134107005,0.12877178520522836,2.1967531007816454
10Y Treasury,4.5279998779296875,%,-0.5272444553015454,0.8238633045631438,8.14425833710577
