Asset,Value,Unit,1D %,1W %,YTD %
VIX Index,17.079999923706055,% (Vol),-1.782630689032183,0.5297242719266126,17.711920429254647
Gold,4739.5,$/oz,1.230271873762523,2.3672239134320927,9.853052736843404
Brent Oil,101.5999984741211,$/bbl,0.3258633771044739,-6.0737725857800795,67.24279584217463
Bitcoin,79642.8984375,USD,-2.1916823279595654,1.406540385936661,-10.243302909904074
Ethereum,2282.419921875,USD,-2.9088830118959796,-1.689146130889163,-23.929333831857225
MSCI World,199.1199951171875,$,-0.7526340671262011,1.1994311223004095,6.761032106453357
EUR/USD,1.1747430562973022,Rate,0.2702000345139677,0.15624418772230975,-0.025839489191747944
USD/JPY,156.50799560546875,Rate,-0.7413930587060413,-0.2994057958476626,-0.14228659177416558
10Y Treasury,4.3919997215271,%,0.8264411242935754,0.3197793435396168,4.896105412107699
