Asset,Value,Unit,1D %,1W %,YTD %
VIX Index,20.600000381469727,% (Vol),-1.056672990293961,18.663592495418403,41.97105483476064
Gold,5042.5,$/oz,0.40820390282756414,0.7734161401950157,16.876045664212015
Brent Oil,67.77999877929688,$/bbl,0.04427864102860557,-1.482564283745158,11.572014451517498
Bitcoin,68808.8359375,USD,-1.3742607154822895,2.7120671647674177,-22.453175794311765
Ethereum,1970.8740234375,USD,-5.51942488883812,1.5589174949379059,-34.312832419892736
MSCI World,189.39999389648438,$,0.20103143341152485,-1.271894541276286,1.549514489714121
EUR/USD,1.1868027448654175,Rate,-0.0035556530514235796,-0.30263841494019283,1.0004762095102704
USD/JPY,153.02200317382812,Rate,0.13152906305038403,-1.9919046287592002,-2.3664747671791275
10Y Treasury,4.056000232696533,%,-1.1695871780071143,-3.3825565287163184,-3.1287215536214052
