Asset,Value,Unit,1D %,1W %,YTD %
VIX Index,16.350000381469727,% (Vol),1.2383948462139527,-3.2544334288474808,12.680910569011639
Gold,5169.0,$/oz,1.7579739207818745,6.978770001715917,19.80808726590222
Brent Oil,66.62999725341797,$/bbl,1.5856090464919648,2.1305938613777275,9.67900782455633
Bitcoin,89341.3515625,USD,1.2169998143066074,-0.18158257114566645,0.6867503209718517
Ethereum,3020.34130859375,USD,3.2081208212255463,2.2715590196137114,0.6648133403690748
MSCI World,191.2899932861328,$,0.7266545191999096,1.9343437883329706,2.5628646829013224
EUR/USD,1.201345443725586,Rate,1.1532898104001044,2.9168615962607003,2.238103537727376
USD/JPY,152.73300170898438,Rate,-1.0386409142302155,-3.6117232371252306,-2.5508680650376814
10Y Treasury,4.2230000495910645,%,0.23736599352981447,-0.7053781919809543,0.8598102103743788
