Asset,Value,Unit,1D %,1W %,YTD %
VIX Index,21.149999618530273,% (Vol),-10.267289383229638,13.526573114778273,45.761538834656015
Gold,5192.39990234375,$/oz,1.6642519016573099,0.3071554591664194,20.350454753233137
Brent Oil,83.4000015258789,$/bbl,2.457002410944864,17.879860813963113,37.28395312901878
Bitcoin,73072.0234375,USD,6.996807330293686,9.069462081961689,-17.64860895178194
Ethereum,2130.77099609375,USD,7.464413711318896,8.433394248890558,-28.983633742798286
MSCI World,188.82000732421875,$,0.8599970902262166,-1.4920625317427105,1.2385463972002464
EUR/USD,1.164686679840088,Rate,0.2981606922288549,-1.323085313753014,-0.881667313583856
USD/JPY,156.55299377441406,Rate,-0.7732636505638268,0.44527442941932893,-0.11357614640009617
10Y Treasury,4.079999923706055,%,0.5917083242760635,1.5683276632012744,-2.555526135221553
