Asset,Value,Unit,1D %,1W %,YTD %
VIX Index,16.8799991607666,% (Vol),3.2415826723621866,4.909875703460753,16.333555441076662
Gold,5397.7998046875,$/oz,1.814540992516167,8.472320100227071,25.111253635881205
Brent Oil,69.37000274658203,$/bbl,1.4181304079885493,5.2975191843727565,14.18930493264532
Bitcoin,84022.7890625,USD,-5.787751437174926,-2.944858898513558,-5.307212890222257
Ethereum,2806.680908203125,USD,-6.649571614081751,-0.3274771075546079,-6.456264089639907
MSCI World,190.8000030517578,$,0.005246483556398118,1.027217216528964,2.300149413582564
EUR/USD,1.1941723823547363,Rate,-0.3009351112958303,0.702169720419854,1.6276544825071682
USD/JPY,153.62100219726562,Rate,0.3429280837738524,-0.9957066401782178,-1.984291910751701
10Y Treasury,4.2270002365112305,%,-0.5645657826091388,-0.2830763748270959,0.9553484743658691
