Asset,Value,Unit,1D %,1W %,YTD %
VIX Index,18.8700008392334,% (Vol),7.951952708227816,2.7777789320676316,30.04824632375316
Gold,4831.0,$/oz,-0.5475975197934524,0.1243523316062145,11.97385753174185
Brent Oil,94.87999725341797,$/bbl,4.9789778012300445,0.09494286002891261,56.18106543772505
Bitcoin,75917.1796875,USD,2.790319426022614,1.0179975555833387,-14.442148203675853
Ethereum,2315.969970703125,USD,2.254077243966335,-1.3912297753130187,-22.811145833290958
MSCI World,195.50999450683594,$,-0.1430097496799454,1.8281221389770508,4.825478668742411
EUR/USD,1.1741223335266113,Rate,-0.35224363086130417,-0.23482555215608159,-0.07866486030342346
USD/JPY,159.16099548339844,Rate,-0.021364891645780926,-0.03329420258227911,1.550422464127288
10Y Treasury,4.25,%,0.09421071823516591,-0.14097842816055417,1.5046621738969534
