Asset,Value,Unit,1D %,1W %,YTD %
Bitcoin,91269.6015625,USD,1.4730232232115448,,2.8598675047945443
Ethereum,3155.33251953125,USD,0.9892999761283994,,5.163929057175509
