Asset,Value,Unit,1D %,1W %,YTD %
VIX Index,29.489999771118164,% (Vol),24.168420088918595,37.54663729729417,103.23914063363672
Gold,5146.10009765625,$/oz,1.5951729627923683,-2.8010691942981114,19.277308875811162
Brent Oil,92.69000244140625,$/bbl,8.523590290544059,19.230775647607935,52.57613570601851
Bitcoin,67280.6640625,USD,-1.2560495815442163,-1.483277578773745,-24.175409198381292
Ethereum,1969.5455322265625,USD,-0.4652271786491413,-0.6669152684662394,-34.35710964094481
MSCI World,184.97999572753906,$,-1.1277998031176573,-2.7342502621225506,-0.8203307191887776
EUR/USD,1.1608065366744995,Rate,-0.236797414602119,-1.2873381538988982,-1.2118791446408816
USD/JPY,157.53399658203125,Rate,0.35099014991974986,0.5752306358437709,0.5123388225874548
10Y Treasury,4.132999897003174,%,-0.31355551691173433,2.099803387122412,-1.2897039270451605
