Asset,Value,Unit,1D %,1W %,YTD %
VIX Index,20.600000381469727,% (Vol),-1.056672990293961,18.663592495418403,41.97105483476064
Gold,5063.7998046875,$/oz,2.845413079951098,0.2553980992132443,17.369736679639903
Brent Oil,67.5999984741211,$/bbl,0.1184861300832063,-2.085750901376926,11.275717652874228
Bitcoin,68986.4765625,USD,4.1748049524821695,-1.6176441096055205,-22.25297670460218
Ethereum,2051.708251953125,USD,5.381138703060895,-2.465305813586549,-31.618712221660317
MSCI World,189.39999389648438,$,0.20103143341152485,-1.271894541276286,1.549514489714121
EUR/USD,1.1868449449539185,Rate,-0.06410125790436982,0.36079972298903584,1.0040675637206675
USD/JPY,152.8209991455078,Rate,-0.29229528155173545,-2.812828507086218,-2.4947225450403065
10Y Treasury,4.056000232696533,%,-1.1695871780071143,-3.3825565287163184,-3.1287215536214052
