Asset,Value,Unit,1D %,1W %,YTD %
VIX Index,17.440000534057617,% (Vol),-3.432995294678509,1.042875450688463,20.192972149949927
Gold,4545.60009765625,$/oz,0.8721189151212227,-2.832346406319586,5.358803090712638
Brent Oil,105.33000183105469,$/bbl,-5.346870069654564,-0.36889839684570713,73.38271906346449
Bitcoin,77956.296875,USD,1.5705229864956705,-0.22416152909000564,-12.144084882019179
Ethereum,2142.550048828125,USD,1.5443952452162568,-1.7067035652171603,-28.59105024852284
MSCI World,201.49000549316406,$,1.2665247308641714,-0.616553204168746,8.031747052450356
EUR/USD,1.1607122421264648,Rate,-0.4120467470440481,-0.9297287837417789,-1.2199038937381168
USD/JPY,159.03500366210938,Rate,0.1095367892427257,0.7500780817798258,1.4700351642108034
10Y Treasury,4.572000026702881,%,-2.035564472227991,2.4882327256091186,9.195133686946777
