Asset,Value,Unit,1D %,1W %,YTD %
VIX Index,16.40999984741211,% (Vol),1.2962905838441063,-26.147613165993675,13.094414807439957
Gold,4360.60009765625,$/oz,0.7532370068449534,6.143807271898316,1.0708371119562354
Brent Oil,78.94000244140625,$/bbl,-5.08596347320649,-15.209448189895392,29.94239085005144
Bitcoin,65775.03125,USD,-0.7760938761040559,3.5123066806360015,-25.872241319408673
Ethereum,1790.3599853515625,USD,-0.256339598656774,7.520874803813604,-40.32917630047809
MSCI World,203.10000610351562,$,-0.26027538505530856,3.5546037677601783,9.62318815752563
EUR/USD,1.1594202518463135,Rate,-0.07652025968395426,0.5101400725340488,-1.3298561449592294
USD/JPY,160.22900390625,Rate,0.17129947301348647,-0.0966422939330025,2.2318501355641285
10Y Treasury,4.427999973297119,%,-1.314910082667009,-2.2084785187381883,5.755915622482077
