Asset,Value,Unit,1D %,1W %,YTD %
VIX Index,21.510000228881836,% (Vol),39.67532962143463,34.01869938544155,48.24259055535129
Gold,4334.7001953125,$/oz,-0.055334262288453395,-3.4394399542207132,0.47052413842587626
Brent Oil,96.4800033569336,$/bbl,3.6416448086840525,0.5000034968058342,58.814820340631435
Bitcoin,63065.0,USD,3.610447349124235,-1.4830533038298621,-28.92641763372037
Ethereum,1682.0,USD,7.217913767002604,-7.160677094440127,-43.94070115296533
MSCI World,200.3800048828125,$,-2.5720782482758664,-2.425007651313782,7.436604356056753
EUR/USD,1.1612648963928223,Rate,0.027878518661816898,-0.31121163158461806,-1.1728713566776738
USD/JPY,159.99000549316406,Rate,0.03126363073311378,0.39974690133193214,2.0793605777838398
10Y Treasury,4.535999774932861,%,1.317836392780869,1.3631256223524124,8.335323476572398
