Asset,Value,Unit,1D %,1W %,YTD %
VIX Index,14.489999771118164,% (Vol),-6.213592556624336,-2.7516768987176143,-0.13783912783034147
Gold,4518.39990234375,$/oz,1.5439176577249247,1.8368681240013673,4.728351673871933
Brent Oil,63.029998779296875,$/bbl,1.6776852277313958,2.056347947342596,3.753084410365237
Bitcoin,90484.21875,USD,-0.5964224949431274,-3.619773608432142,1.9747494517813102
Ethereum,3079.872802734375,USD,-0.7895214293112462,-4.53352938461038,2.6489357070990316
MSCI World,189.52999877929688,$,0.6852917809650583,0.8084699307864041,1.6192184662523479
EUR/USD,1.1657865047454834,Rate,-0.16203858257893833,-0.39986405375844747,-0.7880689126089635
USD/JPY,156.8800048828125,Rate,0.09506866703214989,-0.06942749579600394,0.09506866703214989
10Y Treasury,4.171000003814697,%,-0.28687744852113894,0.14405863185171786,-0.3821302789332348
