Asset,Value,Unit,1D %,1W %,YTD %
VIX Index,26.149999618530273,% (Vol),-2.3525057952272554,16.897624664668598,80.22053208847836
Gold,4363.2001953125,$/oz,-4.533513728743865,-12.753445404669062,1.131102681099172
Brent Oil,102.66000366210938,$/bbl,-8.494516955086196,-0.7348622319586773,68.98766034915123
Bitcoin,70576.8984375,USD,4.026352725937388,0.9499111448783681,-20.46058821447382
Ethereum,2139.8515625,USD,4.228016504611687,0.11358226398783255,-28.68098797236529
MSCI World,180.5399932861328,$,1.4269625202993241,-2.141044007491022,-3.2009015047632317
EUR/USD,1.1592857837677002,Rate,0.28286037319007473,0.462550744993373,-1.3412997821042216
USD/JPY,158.52099609375,Rate,-0.44776710092866434,-0.2316154403891324,1.1420799038273088
10Y Treasury,4.334000110626221,%,-1.2981026202262824,3.1413604247640725,3.5108746095874332
