Asset,Value,Unit,1D %,1W %,YTD %
VIX Index,27.440000534057617,% (Vol),8.330045861456314,2.4645251325226214,89.11095865759464
Gold,4387.10009765625,$/oz,-3.575975076169857,-4.010585694995794,1.6850592656699748
Brent Oil,100.9800033569336,$/bbl,-1.2130677450220895,-9.991976861153319,66.22222774803883
Bitcoin,68890.4453125,USD,-3.392850197723074,1.5406162948817137,-22.36120289910962
Ethereum,2070.567626953125,USD,-4.495059579631844,0.8533304730032887,-30.990148999785593
MSCI World,178.0399932861328,$,-1.7385115695288444,0.022468138276865446,-4.541312246080564
EUR/USD,1.1539349555969238,Rate,-0.19155567167906673,-0.18000768043769932,-1.7966713219003783
USD/JPY,159.57400512695312,Rate,0.11921048424232694,0.2135295291799899,1.8139374268061337
10Y Treasury,4.415999889373779,%,2.0332675442027437,0.5693485889376904,5.469312219023936
