Asset,Value,Unit,1D %,1W %,YTD %
VIX Index,17.3799991607666,% (Vol),-4.975405736520189,-7.602341019546321,19.779454766458905
Gold,4634.89990234375,$/oz,2.553377637874754,1.9735039861117132,7.42861133076449
Brent Oil,107.81999969482422,$/bbl,-5.7846929442102235,-8.650342446892868,77.48148097913452
Bitcoin,79827.90625,USD,1.6421044171065935,4.6178065974106675,-10.034801078458354
Ethereum,2346.39697265625,USD,1.066542438971041,3.9953774263236763,-21.797045717054598
MSCI World,197.02999877929688,$,0.7516880952418203,1.629960149428622,5.640450690204357
EUR/USD,1.1691941022872925,Rate,-0.29580129488546714,-0.22097470179961443,-0.4980721326536708
USD/JPY,157.19400024414062,Rate,0.2218782867186686,-1.4778891396656557,0.2954089671025395
10Y Treasury,4.415999889373779,%,-0.6747685366419232,-0.045276862346899094,5.469312219023936
