Asset,Value,Unit,1D %,1W %,YTD %
VIX Index,18.360000610351562,% (Vol),-3.9748964201003045,-12.73764348174512,26.53342743445577
Gold,4871.89990234375,$/oz,2.7306849415208445,2.5771113242183397,12.921843422468648
Brent Oil,94.51000213623047,$/bbl,-4.881238369895713,-0.2532958984375,55.572019977334094
Bitcoin,74711.390625,USD,0.3044251782613694,2.373754966911523,-15.801059616503144
Ethereum,2340.5400390625,USD,-1.2728146013448627,4.248776849476554,-21.99225118118021
MSCI World,192.0,$,1.0579474965635827,2.3126911719052234,2.943544933171305
EUR/USD,1.176885962486267,Rate,0.8026383151997996,0.7037732975595068,0.1565282602039586
USD/JPY,159.21400451660156,Rate,-0.29182626537680445,0.3137686735479095,1.5842441281589847
10Y Treasury,4.25600004196167,%,-0.9541515017208124,-0.8156571501850451,1.6479638756260018
