Asset,Value,Unit,1D %,1W %,YTD %
Bitcoin,90150.953125,USD,1.5991626469246345,,1.5991626469246345
Ethereum,3130.112548828125,USD,4.323373840433575,,4.323373840433575
