Asset,Value,Unit,1D %,1W %,YTD %
VIX Index,16.149999618530273,% (Vol),0.37289910113973423,-19.611749647249688,11.302545580833655
Gold,5016.7998046875,$/oz,0.8158757240764647,5.403809180479291,16.28036153909096
Brent Oil,64.69000244140625,$/bbl,-1.8063067116323883,-0.35427562234449095,6.485600726594654
Bitcoin,88156.3984375,USD,1.829893827804896,-1.4598914314088107,-0.648679212523251
Ethereum,2912.759033203125,USD,3.4396324030235625,-1.2501305693951248,-2.920791253428201
MSCI World,189.91000366210938,$,0.5559689973337223,2.3001531386015683,1.8229635169223268
EUR/USD,1.1877895593643188,Rate,0.16391901761179106,1.2792579665455994,1.0844570856505475
USD/JPY,154.33999633789062,Rate,-0.532335709092735,-2.4165135516996394,-1.525547866660082
10Y Treasury,4.213000297546387,%,-0.6133415194693903,-1.909191555086398,0.6209816331701923
