Asset,Value,Unit,1D %,1W %,YTD %
VIX Index,17.989999771118164,% (Vol),-2.1218683757119994,3.450261084119899,23.983456149845296
Gold,4708.60009765625,$/oz,-0.2140440637928953,0.5702854796005852,9.136848790914232
Brent Oil,107.0199966430664,$/bbl,2.6964759459559673,5.677890975217759,76.16460352768132
Bitcoin,81116.578125,USD,-0.7484785238282887,1.1595585540241649,-8.582481619948556
Ethereum,2294.300048828125,USD,-1.9262009625943266,-0.5492965765504954,-23.53338163970149
MSCI World,200.57000732421875,$,-0.1543197685476949,-0.029904579142481236,7.538476881391731
EUR/USD,1.177994966506958,Rate,0.09423207141905365,0.5477668483534259,0.25090783144496864
USD/JPY,157.2310028076172,Rate,0.2377953910982722,-0.2828561806625385,0.3190179294735529
10Y Treasury,4.463000297546387,%,1.201824307667021,2.4563900887052847,6.591844113987655
