Asset,Value,Unit,1D %,1W %,YTD %
VIX Index,18.889999389648438,% (Vol),1.3955997884818938,15.182925786807488,30.18607230652077
Gold,4020.5,$/oz,0.7568340927330608,-4.819963849086295,-6.812069094107209
Brent Oil,74.76000213623047,$/bbl,1.3832442392327504,-6.374447633258584,23.06173191149048
Bitcoin,58698.75,USD,-3.764862385920398,-7.177365105897227,-33.84713481451428
Ethereum,1532.3599853515625,USD,-5.405493795413485,-10.10339930237375,-48.928046159297914
MSCI World,199.2899932861328,$,0.14572526941347697,-1.6968393991530828,7.566734492282201
EUR/USD,1.1354217529296875,Rate,-0.22254692404617415,-0.9106091600650346,-3.37220044301485
USD/JPY,161.76300048828125,Rate,0.10148668360252522,0.2938818016929856,3.210594962402369
10Y Treasury,4.3919997215271,%,-1.325555813620638,-1.7229837437895967,4.896105412107699
