Asset,Value,Unit,1D %,1W %,YTD %
VIX Index,16.450000762939453,% (Vol),-6.798860518563254,-11.70154855625578,13.37009306310064
Gold,3996.5,$/oz,-0.6414252670096432,0.1553755631408249,-7.368345761621553
Brent Oil,73.16999816894531,$/bbl,0.027336490292939608,-0.7729857761553771,20.44444143036266
Bitcoin,59031.2890625,USD,-1.8409040348025485,-1.6414515660620577,-33.47236683784578
Ethereum,1586.4100341796875,USD,-1.4778096198215684,0.6212003912466013,-47.126614625437824
MSCI World,202.63999938964844,$,0.6956836902550778,1.8291454219338865,9.374899624622856
EUR/USD,1.1422044038772583,Rate,0.3198107834186281,0.3734920675493303,-2.7949764867749916
USD/JPY,161.92300415039062,Rate,0.0840621216532611,0.20049946405060748,3.3126830363910065
10Y Treasury,4.418000221252441,%,1.0521500806707662,-1.6692590419701614,5.517087045277891
