Asset,Value,Unit,1D %,1W %,YTD %
VIX Index,16.350000381469727,% (Vol),0.0,4.5396420879881605,12.680910569011639
Gold,5477.5,$/oz,7.826927799754602,11.585320606667192,26.958560262909526
Brent Oil,67.7300033569336,$/bbl,0.2367968963031153,5.7290133284551015,11.489717459973004
Bitcoin,88900.046875,USD,-0.22729247516621864,-0.2364333561806098,0.1894046449921971
Ethereum,2999.184326171875,USD,-0.7619127785690849,1.710682907047345,-0.040326731146578254
MSCI World,190.7899932861328,$,-0.2613832492806334,1.1826451826539186,2.2947825346378403
EUR/USD,1.1966016292572021,Rate,-0.4295848213032527,1.7984922035251483,1.8343906861779224
USD/JPY,153.30499267578125,Rate,0.5588540269598319,-3.2782216971477873,-2.185917317227448
10Y Treasury,4.250999927520752,%,0.6630328581786138,0.047066486405999974,1.5285438927657324
