Asset,Value,Unit,1D %,1W %,YTD %
VIX Index,16.989999771118164,% (Vol),0.592068591376127,-5.7158749194245795,17.09165749908084
Gold,4625.60009765625,$/oz,0.23619957705642847,-1.0651453507225295,7.213058649093784
Brent Oil,108.83000183105469,$/bbl,-4.543461282446259,0.5543735152094165,79.1440359358925
Bitcoin,78357.828125,USD,2.6912077901879883,1.2811766378590272,-11.69156344588963
Ethereum,2299.239990234375,USD,1.9053183943698038,-0.16603857590357096,-23.36873856504048
MSCI World,196.75999450683594,$,0.10683869336944873,0.670246906650318,5.495684039401083
EUR/USD,1.172333002090454,Rate,0.3306012944308323,0.14420451318069016,-0.2309423368515806
USD/JPY,157.0330047607422,Rate,-1.9671133594511447,-1.593597535583613,0.19268807556580558
10Y Treasury,4.377999782562256,%,-0.2733504393690689,0.968630471104337,4.561738570912022
