Asset,Value,Unit,1D %,1W %,YTD %
VIX Index,18.84000015258789,% (Vol),18.78941084753447,17.897376046803814,29.841487632007645
Gold,4669.10009765625,$/oz,1.7587873121363895,1.7410419886533024,8.221310108963543
Brent Oil,64.22000122070312,$/bbl,0.14034612683593295,-1.9092713864265587,5.7119361657664625
Bitcoin,92626.9765625,USD,-1.075943035443605,-3.0603606443928233,4.389614652410967
Ethereum,3183.630859375,USD,-2.9723306206082323,-4.0237076343024984,6.107083094140875
MSCI World,189.2100067138672,$,-0.021132515790123207,-0.4419870162600592,1.4476501455970459
EUR/USD,1.1645511388778687,Rate,0.17701527148956675,0.025628528658283578,-0.893202256344372
USD/JPY,157.53500366210938,Rate,-0.6689887679582784,-0.285461237790674,0.5129813757901225
10Y Treasury,4.230999946594238,%,1.7067332160191517,1.050875349840985,1.050875349840985
