Asset,Value,Unit,1D %,1W %,YTD %
VIX Index,18.3799991607666,% (Vol),6.92262123175218,5.753740208787739,26.67125341722336
Gold,4736.60009765625,$/oz,0.3431953997045101,3.9685741410920405,9.785838236347644
Brent Oil,105.2300033569336,$/bbl,3.889823680317761,-4.223172179535406,73.21811252170139
Bitcoin,81308.1171875,USD,-1.0114722740615867,1.6224536017425129,-8.366619139413334
Ethereum,2315.050048828125,USD,-2.279142883407026,1.045013430300168,-22.841805866172372
MSCI World,200.8800048828125,$,0.11961996306526501,1.9540202646137095,7.704686504320213
EUR/USD,1.176885962486267,Rate,0.317757127104068,0.6578770953366009,0.1565282602039586
USD/JPY,156.85800170898438,Rate,0.01849591528266803,-0.21374768415741707,0.08102985311915223
10Y Treasury,4.409999847412109,%,1.054078951954729,-0.1358705188400866,5.326010517294888
