Asset,Value,Unit,1D %,1W %,YTD %
VIX Index,19.229999542236328,% (Vol),-1.3340186348648642,-20.438562343666653,32.529284899385715
Gold,4771.0,$/oz,-0.4423896007774708,2.4523320757217526,10.58316586295598
Brent Oil,94.44999694824219,$/bbl,-1.5325284078029133,-13.956454553460084,55.47324600533694
Bitcoin,72756.4921875,USD,1.3775867102708172,5.658835011069807,-18.00420930516353
Ethereum,2237.2314453125,USD,2.196630345006323,6.142534260292387,-25.435418440691592
MSCI World,188.3800048828125,$,0.010620233805536117,3.2106073160089954,1.002632797733538
EUR/USD,1.1728830337524414,Rate,0.5958337849084616,1.9012489015083345,-0.1841329912957379
USD/JPY,159.2449951171875,Rate,0.3800991116272634,-0.33483769320111767,1.6040172426231347
10Y Treasury,4.316999912261963,%,0.5590423892994689,-0.41522781376269746,3.104851223269023
