Asset,Value,Unit,1D %,1W %,YTD %
VIX Index,27.190000534057617,% (Vol),-0.36643597696923713,6.627453074735756,87.38800899490353
Gold,5005.7998046875,$/oz,-0.9242987691736815,-4.281323637360456,16.025401399813568
Brent Oil,98.62000274658203,$/bbl,-4.382389635267003,12.32346163865834,62.33745308079346
Bitcoin,72662.59375,USD,2.0332463310731574,3.500769232909251,-18.110031842731455
Ethereum,2179.885498046875,USD,3.948278786593251,6.2543346355288465,-27.346698818473968
MSCI World,181.75,$,-0.7643974573516177,-2.520781456245824,-2.552139106229756
EUR/USD,1.1445575952529907,Rate,-0.6604088080442994,-1.477623492815927,-2.594712836737645
USD/JPY,159.4510040283203,Rate,0.1538951960009749,1.0155318743549246,1.7354583151885095
10Y Treasury,4.284999847412109,%,0.28083511789249727,3.6025068997850074,2.3405792768861566
