Asset,Value,Unit,1D %,1W %,YTD %
VIX Index,23.8700008392334,% (Vol),-2.7302365578560805,-23.123988966986097,64.50723957757552
Gold,4702.7001953125,$/oz,-1.682973672707433,4.690565345336162,9.000099706979192
Brent Oil,109.05000305175781,$/bbl,7.799524618447329,-3.1269402617118858,79.50617786297582
Bitcoin,66820.4453125,USD,-1.848025976425438,1.3122954480036642,-24.694070821066315
Ethereum,2056.204345703125,USD,-3.858946308371647,3.714624765310348,-31.46886212464751
MSCI World,181.72000122070312,$,-0.049500214014153165,3.5913824635263936,-2.568223380628132
EUR/USD,1.159057378768921,Rate,0.14140271201934507,0.48099822918490354,-1.3607377331412818
USD/JPY,158.68800354003906,Rate,0.06874100143823281,-0.636171444879452,1.2486366432709062
10Y Treasury,4.313000202178955,%,-0.13891098512972544,-2.8603570586665406,3.009324347793907
