Asset,Value,Unit,1D %,1W %,YTD %
VIX Index,22.219999313354492,% (Vol),11.826866506623457,44.28571340104421,53.13576128776396
Gold,4080.199951171875,$/oz,-4.220658423195422,-8.838640483904436,-5.428332015413051
Brent Oil,94.5,$/bbl,3.3351592712288713,-0.5577173377932731,55.55555555555556
Bitcoin,62086.30859375,USD,0.7178783241010178,2.002540357634408,-30.02939241011424
Ethereum,1639.239990234375,USD,0.09362636350240816,4.492206846831981,-45.36584750620748
MSCI World,197.44000244140625,$,-1.4672134792718672,-4.001553848791605,5.860280015272701
EUR/USD,1.1535356044769287,Rate,0.0599849629144833,-0.6378995266402065,-1.8306573010100635
USD/JPY,160.38400268554688,Rate,0.13111161558603257,0.27760424994571764,2.330744914848548
10Y Treasury,4.541999816894531,%,0.3091859395377261,1.4518556388094517,8.478625178301469
