Asset,Value,Unit,1D %,1W %,YTD %
VIX Index,19.860000610351562,% (Vol),6.602262506673928,-5.473582132328591,36.87112541060247
Gold,5296.39990234375,$/oz,2.3162349530329474,1.761863384827378,22.76098697912865
Brent Oil,73.19000244140625,$/bbl,3.448766701634276,2.3779614329772825,20.47737027391976
Bitcoin,65844.265625,USD,-2.3860901036045212,1.899704900620458,-25.794214917218227
Ethereum,1931.1871337890625,USD,-4.717081986101112,4.078911972602617,-35.635554897366596
MSCI World,190.83999633789062,$,-0.43822849018543275,0.7071220780425547,2.3215923857077714
EUR/USD,1.1803030967712402,Rate,-0.10269109594140957,-0.26792714001502294,0.447336645630525
USD/JPY,155.85899353027344,Rate,-0.21831205162042844,0.984837901755653,-0.5563731882798684
10Y Treasury,3.9619998931884766,%,-1.3691885103261248,-1.6629415611121412,-5.373773955032446
