Asset,Value,Unit,1D %,1W %,YTD %
VIX Index,17.479999542236328,% (Vol),-2.564108016318145,-8.577412264710048,20.468637260547883
Gold,4857.60009765625,$/oz,1.5087599111024863,2.429153966023967,12.59039976839913
Brent Oil,90.37999725341797,$/bbl,-9.06530052476172,-9.03784551305451,48.773658030317634
Bitcoin,75659.5078125,USD,-1.9025368102882467,1.9922706583905159,-14.732541658544418
Ethereum,2350.590087890625,USD,-2.9111771948559517,1.174251849884067,-21.657293576731252
MSCI World,195.7899932861328,$,1.2462448766514145,3.052785738867425,4.975604017272506
EUR/USD,1.176747441291809,Rate,-0.3530197721760109,0.7907736976335844,0.1447396907336751
USD/JPY,158.58399963378906,Rate,-0.14168346591617587,-0.6863684195035802,1.182278421612848
10Y Treasury,4.245999813079834,%,-1.4620608483606912,-1.1868773346655592,1.409123909905441
