Asset,Value,Unit,1D %,1W %,YTD %
VIX Index,17.440000534057617,% (Vol),3.3175438455743667,7.9876219566421325,20.192972149949927
Gold,4713.89990234375,$/oz,-11.366200569716556,-7.201218160597489,9.25968869466589
Brent Oil,70.69000244140625,$/bbl,-0.028279795397134766,7.775585284747777,16.362143936471195
Bitcoin,78707.921875,USD,-6.4433863758521674,-11.665935562850716,-11.29701152364203
Ethereum,2443.9794921875,USD,-9.561801326939579,-19.132729556952043,-18.544722515717538
MSCI World,189.6300048828125,$,-0.6132065776895845,-0.14743761460562776,1.67283816839221
EUR/USD,1.1890605688095093,Rate,-0.7277102049716766,0.2711007032353052,1.192623804834847
USD/JPY,154.72999572753906,Rate,1.067305977824451,-0.28099238083268974,-1.2767142710968904
10Y Treasury,4.241000175476074,%,0.3312027012422947,0.6646179909433725,1.289715315561546
