Asset,Value,Unit,1D %,1W %,YTD %
VIX Index,31.049999237060547,% (Vol),13.155971693667867,18.738048527763883,113.99034284821172
Gold,4492.0,$/oz,2.6625528511027285,1.9958652254640663,4.116449603101713
Brent Oil,112.56999969482422,$/bbl,4.2218289680638454,12.637579492578865,85.30041102028679
Bitcoin,66416.46875,USD,0.11772032402059818,-5.816101993666056,-25.149348098302347
Ethereum,2000.051513671875,USD,0.4409011494252768,-7.220509266101649,-33.34037722093003
MSCI World,175.4199981689453,$,-1.4715767333111751,-2.8359340354427554,-5.9460600849914
10Y Treasury,4.440000057220459,%,0.5434820753603464,2.4457762780011105,6.042519025940196
