Asset,Value,Unit,1D %,1W %,YTD %
VIX Index,17.8700008392334,% (Vol),-0.6670313141271755,4.625298120937749,23.1564476729887
Gold,4697.10009765625,$/oz,0.416880442810208,-0.057443021903980096,8.870299554396954
Brent Oil,105.73999786376953,$/bbl,-1.8836400134818798,5.676594487072273,74.05760965229553
Bitcoin,79617.859375,USD,-1.068165507067731,-1.2973607169909918,-10.271521666281902
Ethereum,2262.25,USD,-0.5448570024063737,-2.7711582299566384,-24.601576208856013
MSCI World,201.6300048828125,$,0.5284925561578557,1.2605513394813972,8.106809726715426
EUR/USD,1.1735436916351318,Rate,-0.37786875142813425,-0.10209591414404029,-0.1279090222730872
USD/JPY,157.67100524902344,Rate,0.27984458125260847,0.7430991873964343,0.5997552651150206
10Y Treasury,4.480999946594238,%,0.40331899189163245,2.0264058335682122,7.021737830658448
