Asset,Value,Unit,1D %,1W %,YTD %
VIX Index,19.860000610351562,% (Vol),6.602262506673928,-5.473582132328591,36.87112541060247
Gold,5340.2001953125,$/oz,2.097317566437251,3.576562271819572,23.776198687828987
Brent Oil,77.58000183105469,$/bbl,7.036421409924265,9.622729279379548,27.703706717785504
Bitcoin,66837.3046875,USD,-0.2366634132006773,-1.6521751725736222,-24.67507048525871
Ethereum,1977.8216552734375,USD,0.6499129626889477,-3.738208427145462,-34.08127512538025
MSCI World,190.83999633789062,$,-0.43822849018543275,0.7071220780425547,2.3215923857077714
EUR/USD,1.1786893606185913,Rate,-0.13672218238377498,-0.05892821603266096,0.31000285482225554
USD/JPY,156.48199462890625,Rate,0.39972098145995005,1.194425704195079,-0.15887614718869125
10Y Treasury,3.9619998931884766,%,-1.3691885103261248,-1.6629415611121412,-5.373773955032446
