Asset,Value,Unit,1D %,1W %,YTD %
VIX Index,19.09000015258789,% (Vol),-5.635192365023734,-7.330098062717139,31.564437294698777
Gold,5059.2998046875,$/oz,1.6760767696405443,0.7427280901533218,17.26543480448095
Brent Oil,71.76000213623047,$/bbl,0.13954572845489288,5.91882234129959,18.123460306552207
Bitcoin,68040.90625,USD,0.05217874402017042,0.8099767804186975,-23.31862436160016
Ethereum,1976.5709228515625,USD,0.3833671073898426,-0.7842313776374343,-34.12296072741091
MSCI World,191.19000244140625,$,0.6846084869852609,0.9450942991583222,2.5092531619793634
EUR/USD,1.1769136190414429,Rate,-0.1671319050741693,-0.8285559907629692,0.15888191607065227
USD/JPY,155.16000366210938,Rate,0.30189505581004195,1.5584580313157792,-1.0023537892092538
10Y Treasury,4.085999965667725,%,0.2699425010420198,0.7396383444299381,-2.4122244334924825
