Asset,Value,Unit,1D %,1W %,YTD %
VIX Index,18.020000457763672,% (Vol),-3.6878602911403213,-7.589741242237579,24.19021484159083
Gold,4682.10009765625,$/oz,0.14330742722437062,-1.0649741646856836,8.522626637200492
Brent Oil,102.58000183105469,$/bbl,-5.220365287475481,0.6574410213611159,68.8559700922711
Bitcoin,77136.9609375,USD,-1.9331625971564792,-1.4462850751205791,-13.067467744772843
Ethereum,2299.169921875,USD,-2.9775169192317263,-1.3872528882820645,-23.37107387009276
MSCI World,195.4499969482422,$,0.09217630554771983,1.1227225696659904,4.79331011994566
EUR/USD,1.1706448793411255,Rate,0.193161026324562,-0.6614155226891238,-0.374606650335807
USD/JPY,159.5760040283203,Rate,-0.10703800173824662,0.46083573487032403,1.8152127975568977
10Y Treasury,4.335999965667725,%,0.6032487989179991,1.0251666041549257,3.558638047324969
