Asset,Value,Unit,1D %,1W %,YTD %
VIX Index,24.229999542236328,% (Vol),-2.8078650395929716,2.0210507041529713,66.98827815320807
Gold,5163.60009765625,$/oz,-1.2639366538735208,1.9406609037787126,19.682927279207043
Brent Oil,93.29000091552734,$/bbl,6.252844730008955,9.226082327067964,53.56378751527136
Bitcoin,69935.5703125,USD,0.012367822389580674,3.958486530779859,-21.183358171121714
Ethereum,2050.040771484375,USD,0.634242706370669,4.091756804156055,-31.674287599733596
MSCI World,186.02000427246094,$,-0.18244061857538574,-0.5719130292232477,-0.26271526931873623
EUR/USD,1.1555349826812744,Rate,-0.4818555226018484,-0.45412855860780255,-1.6605042139570592
USD/JPY,158.88900756835938,Rate,0.49015846987099376,0.8601387736789423,1.3768844211320852
10Y Treasury,4.208000183105469,%,1.7408129589024268,1.4954239273348824,0.5015616503099007
