Asset,Value,Unit,1D %,1W %,YTD %
VIX Index,17.68000030517578,% (Vol),-9.053498871043908,-6.553909968910821,21.84700224872589
Gold,4350.0,$/oz,3.2028469750889688,2.1126760563380254,0.8251459869751621
Brent Oil,83.06999969482422,$/bbl,-4.878051124368121,-9.16347461242758,36.74074023839378
Bitcoin,65524.41015625,USD,1.7122993835928302,6.631681433458403,-26.15468861901016
Ethereum,1717.77001953125,USD,2.2351561479471815,6.026174472776424,-42.748523855303844
MSCI World,202.32000732421875,$,0.3870269247149061,0.6316857762663108,8.476764400313863
EUR/USD,1.157594919204712,Rate,0.3495893934150285,0.4630320300720525,-1.4851974321614447
USD/JPY,160.1300048828125,Rate,-0.24730290409101796,-0.12286824545858499,2.1686852086102437
10Y Treasury,4.486999988555908,%,0.5377586558555025,-1.427945003664266,7.165039532387518
