Asset,Value,Unit,1D %,1W %,YTD %
VIX Index,23.510000228881836,% (Vol),-13.534388499059757,-5.695948892544278,62.026187856880235
Gold,5014.7001953125,$/oz,-0.7481406172686778,-4.111134328363786,16.231696384665682
Brent Oil,102.33999633789062,$/bbl,-0.7756477181423249,16.560356242313045,68.46089932163066
Bitcoin,75778.109375,USD,4.1052326424430685,7.496650564774243,-14.598878962578144
Ethereum,2364.352294921875,USD,8.582227737076021,14.047126289779754,-21.198613626220187
MSCI World,184.0399932861328,$,1.259968795671429,-1.2449062656259113,-1.324326466918957
EUR/USD,1.1491611003875732,Rate,-0.2608567715053245,-1.081358361202489,-2.202940730684344
USD/JPY,159.42100524902344,Rate,0.13505245107117148,0.9965270228977419,1.7163180182724558
10Y Treasury,4.220000267028809,%,-1.5169097479094784,2.030950373543572,0.7881650537680418
