Asset,Value,Unit,1D %,1W %,YTD %
VIX Index,16.09000015258789,% (Vol),2.877236568970143,1.4501923133006578,10.88904134240536
Gold,5042.89990234375,$/oz,1.3403742697908338,5.9521766298602286,16.88531467850838
Brent Oil,65.06999969482422,$/bbl,-1.2295045421419237,0.23105596135191142,7.1111106087641485
Bitcoin,87283.8125,USD,-2.050170372642046,-2.341932882416653,-1.6320742573272318
Ethereum,2868.410888671875,USD,-2.724208112540094,-3.7090937164771853,-4.398868475538087
MSCI World,188.86000061035156,$,0.15910217206307475,-0.18498287146351267,1.2599893693254538
EUR/USD,1.186521053314209,Rate,0.9409073511822186,1.942333262116569,0.9765034129024519
USD/JPY,154.82000732421875,Rate,-2.3223825663136966,-2.1223026024358993,-1.219283644694169
10Y Treasury,4.238999843597412,%,-0.2353548767063396,0.189078163652856,1.2419404893076136
