Asset,Value,Unit,1D %,1W %,YTD %
VIX Index,16.399999618530273,% (Vol),-11.062911369007722,-7.239822763299331,13.025495243524766
Gold,4207.60009765625,$/oz,-0.3906157434374058,-2.78188314102934,-2.4754266434477312
Brent Oil,78.79000091552734,$/bbl,-1.327486009830403,-5.26631880467373,29.695474758069707
Bitcoin,64210.0390625,USD,-0.046134602003466973,-0.32351952765857783,-27.635970822950505
Ethereum,1736.280029296875,USD,-0.17371125667331455,-0.6639719113733844,-42.13160461088488
MSCI World,202.72999572753906,$,0.8657098297528032,0.8727322809130689,9.423475130214154
EUR/USD,1.1458560228347778,Rate,-0.4239690552107711,-1.2455398284458519,-2.4842127518234225
USD/JPY,161.28900146484375,Rate,0.429013284647084,0.833984319663883,2.9081665883433194
10Y Treasury,4.451000213623047,%,-0.2688686436979282,-0.8023127930617102,6.305240710529536
