Asset,Value,Unit,1D %,1W %,YTD %
VIX Index,17.81999969482422,% (Vol),-3.309824201035161,-0.9449698635731529,22.811849853412824
Gold,4562.2001953125,$/oz,0.14048884717046128,-2.467074994323948,5.743563382572292
Brent Oil,109.55000305175781,$/bbl,0.26542276208796345,1.6516715821999872,80.32922313046554
Bitcoin,76747.0078125,USD,-0.88124688665282,-5.310519193103125,-13.50694075751645
Ethereum,2125.8798828125,USD,-0.08297345847626536,-6.797867727658002,-29.14664942717896
MSCI World,200.25,$,0.16506694381610565,-0.15954894178243917,7.366900379518526
EUR/USD,1.161440134048462,Rate,-0.40883741383656025,-1.4053398298963238,-1.1579581061429756
USD/JPY,158.843994140625,Rate,0.2916937186088653,1.0258735899442373,1.3481642401034444
10Y Treasury,4.623000144958496,%,0.6093657463622559,3.5850398986536636,10.41319245738559
