Asset,Value,Unit,1D %,1W %,YTD %
VIX Index,26.950000762939453,% (Vol),3.059277843515873,7.413314464088261,85.73397889612757
Gold,4571.5,$/oz,3.8010013085950423,-6.511378733767936,5.959116064242975
Brent Oil,97.7300033569336,$/bbl,-2.2113258259808033,-8.986770481759542,60.872433509355716
Bitcoin,70787.21875,USD,-0.17999136728881204,0.37524547488165805,-20.22355946550418
Ethereum,2160.6962890625,USD,0.3972914934335048,0.6615065515991114,-27.986255061692333
MSCI World,179.85000610351562,$,-0.3821796877568562,-1.056278882002648,-3.570847997143778
EUR/USD,1.1626555919647217,Rate,0.16742735776582585,1.4137947671521545,-1.0545189888288564
USD/JPY,158.6540069580078,Rate,0.11042664797498158,-0.7140343715459574,1.2269456048533467
10Y Treasury,4.3919997215271,%,1.338246640988161,3.1227964893856486,4.896105412107699
