Asset,Value,Unit,1D %,1W %,YTD %
VIX Index,19.229999542236328,% (Vol),-1.3340186348648642,-20.438562343666653,32.529284899385715
Gold,4734.2001953125,$/oz,-0.5816944412799674,1.6555387696101098,9.730212833091766
Brent Oil,101.95999908447266,$/bbl,7.100842807700625,-6.689848799457798,67.83538943946117
Bitcoin,71136.4140625,USD,-2.625252821986912,0.01835499281068742,-19.8300200727366
Ethereum,2203.99462890625,USD,-3.561558549883459,0.6236113145304811,-26.543166730609546
MSCI World,188.3800048828125,$,0.010620233805536117,3.2106073160089954,1.002632797733538
EUR/USD,1.1691256761550903,Rate,0.27357273290540274,1.5748059223523736,-0.5038954019100705
USD/JPY,159.11199951171875,Rate,0.2962653179903407,-0.41807439772285626,1.5191612772516683
10Y Treasury,4.316999912261963,%,0.5590423892994689,-0.41522781376269746,3.104851223269023
