Asset,Value,Unit,1D %,1W %,YTD %
VIX Index,20.600000381469727,% (Vol),-1.056672990293961,18.663592495418403,41.97105483476064
Gold,5022.0,$/oz,1.9964620262842958,-0.5721733335150803,16.400892677376856
Brent Oil,67.75,$/bbl,0.34064479912443435,-1.8684833407022983,11.522633744855959
Bitcoin,69586.328125,USD,1.0579540911052732,1.1517975948788228,-21.576950391514337
Ethereum,2066.725830078125,USD,0.8883692172158675,2.338621119321216,-31.11819206704197
MSCI World,189.39999389648438,$,0.20103143341152485,-1.271894541276286,1.549514489714121
EUR/USD,1.1868449449539185,Rate,-0.06410125790436982,0.36079972298903584,1.0040675637206675
USD/JPY,152.8209991455078,Rate,-0.29229528155173545,-2.812828507086218,-2.4947225450403065
10Y Treasury,4.056000232696533,%,-1.1695871780071143,-3.3825565287163184,-3.1287215536214052
