Asset,Value,Unit,1D %,1W %,YTD %
VIX Index,17.479999542236328,% (Vol),-2.564108016318145,-8.577412264710048,20.468637260547883
Gold,4849.39990234375,$/oz,1.3374012894649567,2.256241611912979,12.400334046673954
Brent Oil,91.87000274658203,$/bbl,-7.566150205500078,-7.538242570209086,51.226341969682366
Bitcoin,77290.0625,USD,2.844802412772518,3.766443459295399,-12.894923916773948
Ethereum,2422.5,USD,3.14457825063279,2.184368836535655,-19.260611500034784
MSCI World,195.7899932861328,$,1.2462448766514145,3.052785738867425,4.975604017272506
EUR/USD,1.176747441291809,Rate,-0.3530197721760109,0.7907736976335844,0.1447396907336751
USD/JPY,158.58399963378906,Rate,-0.14168346591617587,-0.6863684195035802,1.182278421612848
10Y Treasury,4.245999813079834,%,-1.4620608483606912,-1.1868773346655592,1.409123909905441
