Asset,Value,Unit,1D %,1W %,YTD %
VIX Index,27.290000915527344,% (Vol),12.628978254650814,-7.460152162311817,88.07719148899251
Gold,5120.7998046875,$/oz,-0.9018093922847692,-0.4916401253110658,18.69089376498647
Brent Oil,96.25,$/bbl,4.642309727361549,3.8407567858725677,58.43621399176955
Bitcoin,71519.6171875,USD,1.8727107322596526,8.41269416442092,-19.398154237999364
Ethereum,2123.3076171875,USD,3.4965544258860115,9.640732430169031,-29.23238034714676
MSCI World,183.14999389648438,$,-1.5428503978383357,-0.9892971528392414,-1.8015123635792163
EUR/USD,1.1527377367019653,Rate,-0.13717646368722747,0.03573197953201657,-1.898558243750692
USD/JPY,159.1060028076172,Rate,0.019491346830013967,0.42858909536966916,1.5153351649993763
10Y Treasury,4.2729997634887695,%,1.5446667669898106,3.3873668031569215,2.053975873428038
