Asset,Value,Unit,1D %,1W %,YTD %
VIX Index,16.780000686645508,% (Vol),2.3170797375255514,3.5802462740181618,15.64438609205041
Gold,4172.89990234375,$/oz,-1.2120971124928714,-3.5836436611887734,-3.279714518886667
Brent Oil,80.58999633789062,$/bbl,0.9267349754669807,-3.102082346826396,32.658430185828195
Bitcoin,63350.69921875,USD,0.7221812978010611,-3.5910590634972483,-28.60443766137739
Ethereum,1705.31005859375,USD,-0.2470491980505085,-1.119278325530404,-43.163801307038504
MSCI World,202.72999572753906,$,0.8657098297528032,0.8727322809130689,9.423475130214154
EUR/USD,1.1469204425811768,Rate,-0.33146991789031466,-1.1538038726566446,-2.393627436160639
USD/JPY,161.27999877929688,Rate,0.4234076276080412,0.8283560583129956,2.9024225521375957
10Y Treasury,4.486999988555908,%,0.5377586558555025,-1.427945003664266,7.165039532387518
