Asset,Value,Unit,1D %,1W %,YTD %
VIX Index,27.190000534057617,% (Vol),-0.36643597696923713,6.627453074735756,87.38800899490353
Gold,5061.7001953125,$/oz,-1.0575005168386276,-0.5852853714524153,17.321071525214606
Brent Oil,98.91000366210938,$/bbl,-1.5428981052049928,-0.050520839557210984,62.814820842978406
Bitcoin,70960.5546875,USD,-0.010865331753695529,1.478161464546801,-20.0282117126945
Ethereum,2087.02001953125,USD,-0.2649122520458236,2.449513248699331,-30.441807981779732
MSCI World,181.75,$,-0.7643974573516177,-2.520781456245824,-2.552139106229756
EUR/USD,1.1423349380493164,Rate,-1.038381319793935,-0.8670332763628608,-2.7838676368869053
USD/JPY,159.72000122070312,Rate,0.3228569205012466,1.1859471980265823,1.9070881698848297
10Y Treasury,4.284999847412109,%,0.28083511789249727,3.6025068997850074,2.3405792768861566
