Asset,Value,Unit,1D %,1W %,YTD %
VIX Index,14.489999771118164,% (Vol),-6.213592556624336,-2.7516768987176143,-0.13783912783034147
Gold,4490.2998046875,$/oz,0.9124122433634918,1.2035408397548464,4.077042145495002
Brent Oil,63.34000015258789,$/bbl,2.177768087704446,2.5582931897583983,4.263374736770187
Bitcoin,90506.90625,USD,-0.006844658279359095,-3.43770223273272,2.0003180223027606
Ethereum,3087.090576171875,USD,0.13115132124146278,-6.33675891272113,2.889496538337455
MSCI World,189.52999877929688,$,0.6852917809650583,0.8084699307864041,1.6192184662523479
EUR/USD,1.1657865047454834,Rate,-0.16203858257893833,-0.39986405375844747,-0.7880689126089635
USD/JPY,156.8800048828125,Rate,0.09506866703214989,-0.06942749579600394,0.09506866703214989
10Y Treasury,4.171000003814697,%,-0.28687744852113894,0.14405863185171786,-0.3821302789332348
