Asset,Value,Unit,1D %,1W %,YTD %
VIX Index,21.510000228881836,% (Vol),39.67532962143463,34.01869938544155,48.24259055535129
Gold,4337.10009765625,$/oz,-3.0988809393572514,-3.0858976499174573,0.526149541681753
Brent Oil,93.08999633789062,$/bbl,-2.0414631867057276,-1.9898999286621866,53.23456187307099
Bitcoin,61508.01953125,USD,0.9608107819576439,-7.7891333261810525,-30.681118015681708
Ethereum,1592.9000244140625,USD,0.761558782840277,-14.254936717444632,-46.91031004632773
MSCI World,200.3800048828125,$,-2.5720782482758664,-2.425007651313782,7.436604356056753
EUR/USD,1.1527377367019653,Rate,-0.7066254660153648,-1.0432256797540118,-1.898558243750692
USD/JPY,160.29299926757812,Rate,0.22070577765633814,0.589886892702518,2.2726814708977416
10Y Treasury,4.535999774932861,%,1.317836392780869,1.3631256223524124,8.335323476572398
