Asset,Value,Unit,1D %,1W %,YTD %
VIX Index,16.290000915527344,% (Vol),-4.232800139132165,-2.804291807493897,12.267406330583341
Gold,4437.10009765625,$/oz,-1.4065373313721374,-2.0788672365885663,2.8439689896581966
Brent Oil,93.80000305175781,$/bbl,-0.5196710775392965,-8.559171985351677,54.403297204539605
Bitcoin,74209.1875,USD,-2.1319237964848248,-3.2138665326566396,-16.367037182019516
Ethereum,2016.6099853515625,USD,-2.619598490256403,-4.694882401937384,-32.78850069754016
MSCI World,203.91000366210938,$,-0.04411585190716716,1.2010512198965761,9.329263668299381
EUR/USD,1.1636837720870972,Rate,-0.004650619162338554,0.09891262762329323,-0.9670177739569241
USD/JPY,159.2429962158203,Rate,0.18181453400809566,0.22342513370936512,1.6027418718723707
10Y Treasury,4.480999946594238,%,-0.2670839938088698,-1.9903779435073155,7.021737830658448
