Asset,Value,Unit,1D %,1W %,YTD %
VIX Index,17.649999618530273,% (Vol),-4.128192477897652,-9.440739734202308,21.640243556980355
Gold,3976.10009765625,$/oz,-2.515503830727883,-3.7240564741101267,-7.841178665513193
Brent Oil,73.61000061035156,$/bbl,2.2503164254118246,-4.501817771500239,21.16872528452931
Bitcoin,59886.48046875,USD,0.5948709994088697,0.27595455978772776,-32.50857524423532
Ethereum,1588.97998046875,USD,1.185636421880254,1.5441636610968423,-47.04096100650834
MSCI World,201.24000549316406,$,1.9659530152073668,0.9075930822127543,8.619253195663745
EUR/USD,1.1385631561279297,Rate,0.2106415312577603,-0.3632048151344214,-3.104857600776545
USD/JPY,161.78700256347656,Rate,-0.011118391347009204,0.13430415882966784,3.2259091470661083
10Y Treasury,4.374000072479248,%,0.04574233627727686,-2.6485634816392767,4.466211695436906
