Asset,Value,Unit,1D %,1W %,YTD %
VIX Index,20.229999542236328,% (Vol),3.1090656315525544,-2.833814415158531,39.42108355015019
Gold,5030.2998046875,$/oz,0.8783676865035561,2.1650304678681564,16.59326716456779
Brent Oil,71.83000183105469,$/bbl,2.1037716972773346,6.383301839857047,18.238686141653805
Bitcoin,67227.4765625,USD,1.2076061451058662,-2.268864748762278,-24.235350943598235
Ethereum,1958.55126953125,USD,0.23424816061217157,-0.381054704186512,-34.72353690493966
MSCI World,189.88999938964844,$,-0.2730971390472292,0.46026616100032225,1.8122379402507605
EUR/USD,1.177024483680725,Rate,-0.15772770179979245,-0.8192140932869796,0.1683168296742421
USD/JPY,155.08900451660156,Rate,0.25599824816826544,1.51198623723785,-1.0476537899978378
10Y Treasury,4.074999809265137,%,-0.09806783338826008,-0.7066345429009413,-2.6749461180818335
