Asset,Value,Unit,1D %,1W %,YTD %
VIX Index,18.290000915527344,% (Vol),7.651566579883617,2.5799270543444663,26.05100363211228
Gold,4546.7998046875,$/oz,-1.7948573275673452,-0.9735423132418597,5.386610133601688
Brent Oil,113.55999755859375,$/bbl,4.982896811396875,2.067225757866775,86.93003713348766
Bitcoin,80493.8984375,USD,2.4900891713460105,5.490617186342561,-9.284234986432981
Ethereum,2369.8701171875,USD,2.0776030504489285,5.0357378399098485,-21.014710387591474
MSCI World,195.55999755859375,$,-0.6098785229435966,0.5811885642030612,4.852288519812342
EUR/USD,1.1726628541946411,Rate,-0.02110968437515348,0.02696668424788662,-0.20287093261381894
USD/JPY,156.8459930419922,Rate,-0.08409062852665627,-1.5757084229414686,0.07336789295997459
10Y Treasury,4.446000099182129,%,1.5532279579071995,2.112999671448912,6.1858207276692445
