Asset,Value,Unit,1D %,1W %,YTD %
VIX Index,17.440000534057617,% (Vol),3.3175438455743667,7.9876219566421325,20.192972149949927
Gold,4654.60009765625,$/oz,-1.2579775963850293,-8.372208367556144,7.8852262890069635
Brent Oil,67.11000061035156,$/bbl,-5.064367955033089,-0.6807741402252709,10.46913680716306
Bitcoin,77161.8515625,USD,-1.8560733772325588,-13.480716123733917,-13.039416275874306
Ethereum,2276.593994140625,USD,-6.891266943422214,-24.28030418680731,-24.12350590315482
MSCI World,189.6300048828125,$,-0.6132065776895845,-0.14743761460562776,1.67283816839221
EUR/USD,1.186380386352539,Rate,-0.951473280252424,0.045086274622163636,0.9645322322011429
USD/JPY,154.77999877929688,Rate,1.0999672191569276,-0.2487668600099524,-1.2448105310186253
10Y Treasury,4.241000175476074,%,0.3312027012422947,0.6646179909433725,1.289715315561546
