Asset,Value,Unit,1D %,1W %,YTD %
VIX Index,15.739999771118164,% (Vol),-3.376311316747249,-5.74850867044101,8.476909185625248
Gold,4534.2998046875,$/oz,1.951653843451373,-0.1211507166972714,5.096882702604644
Brent Oil,92.0999984741211,$/bbl,-2.3226242657142793,-10.216419545589162,51.60493575987011
Bitcoin,73231.2890625,USD,-1.4976373779150842,-4.871110856719751,-17.469118291089725
Ethereum,1998.1300048828125,USD,-1.190201672742619,-4.759970549433213,-33.40441909693672
MSCI World,204.8000030517578,$,0.4364667616421736,1.3510148110000397,9.80644956495964
EUR/USD,1.1617909669876099,Rate,-0.16265631135273795,-0.02789139037195909,-1.1281011698684118
USD/JPY,159.5679931640625,Rate,0.20408869210279956,0.3458651060835871,1.810101578899248
10Y Treasury,4.454999923706055,%,-0.5802281454599156,-2.856520779380256,6.400767586004652
