Asset,Value,Unit,1D %,1W %,YTD %
VIX Index,17.360000610351562,% (Vol),-14.776632817238088,-3.555552164713538,19.64162878369129
Gold,5046.39990234375,$/oz,1.922760205119145,2.9100414247930306,16.966438359187542
Brent Oil,68.97000122070312,$/bbl,1.351944346344225,2.4357631739912122,13.530866206918724
Bitcoin,70449.8515625,USD,0.26346790069029513,12.356450893756854,-20.603768687552247
Ethereum,2117.96435546875,USD,1.3980244222099536,16.26414874851474,-29.41046566552329
MSCI World,191.83999633789062,$,0.8410380564166209,1.2668886536921775,2.8577566822347134
EUR/USD,1.1913270950317383,Rate,0.739814832082275,0.8220157651806614,1.3855119901519775
USD/JPY,155.70599365234375,Rate,-0.9781038458175684,-0.059693786058057086,-0.6539925968135352
10Y Treasury,4.197999954223633,%,-0.1902020277257166,-1.7781986578942366,0.26272168458933987
