Asset,Value,Unit,1D %,1W %,YTD %
VIX Index,19.489999771118164,% (Vol),12.789346045458249,18.769042975900916,34.32115412599202
Gold,4092.300048828125,$/oz,-2.142563323082136,-5.509244242437972,-5.147873598712338
Brent Oil,76.66999816894531,$/bbl,-1.5789516467788256,-2.900203827354997,26.20575830279064
Bitcoin,62658.390625,USD,-2.0229433171393696,-1.3887845500930918,-29.38466206256305
Ethereum,1664.6400146484375,USD,-3.5835771955001205,-2.7085262030791424,-44.519291287806816
MSCI World,199.42999267578125,$,-1.4527857450921888,-1.8069981868261697,7.64229913517811
EUR/USD,1.1427135467529297,Rate,-0.3108158012609219,-1.5746574592771845,-2.7516468996772403
USD/JPY,161.57000732421875,Rate,0.08487029797612511,0.7174966375667946,3.0874584031988173
10Y Treasury,4.493000030517578,%,0.943604018844657,0.5370366655669478,7.308341234116589
