Asset,Value,Unit,1D %,1W %,YTD %
VIX Index,14.899999618530273,% (Vol),2.687797267378067,,2.687797267378067
Gold,4447.0,$/oz,3.0734308515123043,,3.0734308515123043
Brent Oil,61.65999984741211,$/bbl,1.4979421356577927,,1.4979421356577927
Bitcoin,93832.3359375,USD,2.6460467619360495,5.748041812008675,5.748041812008675
Ethereum,3218.42138671875,USD,2.474310789118772,7.266614942778915,7.266614942778915
MSCI World,188.00999450683594,$,0.8042464447904019,,0.8042464447904019
EUR/USD,1.1716461181640625,Rate,0.10075787890864163,,-0.2893982209202228
USD/JPY,156.62600708007812,Rate,-0.23122087323129703,,-0.06699103920616567
10Y Treasury,4.164999961853027,%,-0.5254319806622942,,-0.5254319806622942
