Asset,Value,Unit,1D %,1W %,YTD %
VIX Index,14.489999771118164,% (Vol),-6.213592556624336,-2.7516768987176143,-0.13783912783034147
Gold,4598.2001953125,$/oz,2.4029662899648807,2.5880147013806587,6.577978383843797
Brent Oil,63.5,$/bbl,0.2526047474371129,4.61284876749144,4.526748971193406
Bitcoin,91398.4296875,USD,1.1193923743058276,0.09897812444839005,3.005055427624659
Ethereum,3124.42919921875,USD,1.363653572683976,-1.3393395759422333,4.1339537487545375
MSCI World,189.52999877929688,$,0.6852917809650583,0.8084699307864041,1.6192184662523479
EUR/USD,1.1671334505081177,Rate,0.11553965989066217,-0.37232322405923446,-0.6734397848596196
USD/JPY,157.5240020751953,Rate,0.41050304203131827,0.5733370925162351,0.5059619688336348
10Y Treasury,4.171000003814697,%,-0.28687744852113894,0.14405863185171786,-0.3821302789332348
