Asset,Value,Unit,1D %,1W %,YTD %
VIX Index,18.440000534057617,% (Vol),12.370510088491216,-5.144032780493324,27.08477080071441
Gold,4341.7998046875,$/oz,0.2516775402232607,6.148687207713044,0.6350802652499876
Brent Oil,78.58999633789062,$/bbl,-0.46859517587658495,-13.044922852198326,29.366249115869337
Bitcoin,64643.1796875,USD,-1.4595298588214067,0.3443820372221129,-27.14782595833274
Ethereum,1754.0,USD,-2.0329663811311183,4.391427166968964,-41.54101654120166
MSCI World,200.99000549316406,$,-1.0388973643241206,0.3940204798883906,8.484315745069026
EUR/USD,1.1609952449798584,Rate,0.13584316222152726,0.6443568372581643,-1.1958195013780037
USD/JPY,160.41900634765625,Rate,0.11858180277861674,-0.0672699639563401,2.3530785064687976
10Y Treasury,4.463000297546387,%,-0.5348716530138797,-1.4355031390376305,6.591844113987655
