Asset,Value,Unit,1D %,1W %,YTD %
VIX Index,26.780000686645508,% (Vol),11.305075981208423,13.90897671598703,84.56237259969512
Gold,4425.0,$/oz,-3.1813387329451714,-11.51769646070786,2.5635105729574947
Brent Oil,106.69000244140625,$/bbl,-4.902397611473896,3.1618684300487976,75.62140319573045
Bitcoin,68099.8046875,USD,-0.8902709755175486,-4.415394639623472,-23.252246450731985
Ethereum,2061.35400390625,USD,-0.7384798854284003,-6.4582047960396345,-31.2972294087325
MSCI World,178.0,$,-1.8526690554939163,-3.281891711842355,-4.56275521820576
EUR/USD,1.1559356451034546,Rate,-0.15720824192112515,0.5201672355596321,-1.6264066390950793
USD/JPY,159.4080047607422,Rate,0.9396980996660087,0.19044595791448682,1.708023240565204
10Y Treasury,4.390999794006348,%,2.569485006974892,4.052132993279867,4.87222369323892
