Asset,Value,Unit,1D %,1W %,YTD %
VIX Index,15.770000457763672,% (Vol),-1.7445407639044563,-3.1921450493475167,8.683667877370759
Gold,4511.2001953125,$/oz,0.4923057444806922,0.2644942800344552,4.561475464104303
Brent Oil,96.9000015258789,$/bbl,0.9375015894572014,3.4041217293478976,59.50617535124101
Bitcoin,66374.6015625,USD,-6.9338019971889375,-9.537523785672919,-25.19653197207109
Ethereum,1846.9599609375,USD,-7.800498074756068,-8.201805009644382,-38.442758377703456
MSCI World,206.17999267578125,$,0.39929492744088524,1.11323082384589,10.546350730938636
EUR/USD,1.1635483503341675,Rate,-0.11518852142700098,-0.0116373327683994,-0.9785425716490437
USD/JPY,159.63600158691406,Rate,0.1775961333509768,0.24679601642330073,1.8534933913889828
10Y Treasury,4.454999923706055,%,-0.44692695760304435,-0.5802281454599156,6.400767586004652
