Asset,Value,Unit,1D %,1W %,YTD %
VIX Index,18.0,% (Vol),10.159117698350828,10.091740550662621,24.052375713760465
Gold,5056.89990234375,$/oz,9.397510056111402,-4.615591346104697,17.209809401225073
Brent Oil,67.94999694824219,$/bbl,2.488678462346816,-0.6579014146168682,11.851846828382207
Bitcoin,76363.3359375,USD,-2.9552245088988793,-9.230291625512566,-13.939334868504115
Ethereum,2268.496826171875,USD,-3.2358498867741003,-16.05544673743955,-24.393376033341973
MSCI World,189.44000244140625,$,-0.6398831413353068,-0.70757948122675,1.5709656430572316
EUR/USD,1.1825922727584839,Rate,0.2306041770838707,-1.2677353112623746,0.6421523939419416
USD/JPY,156.06700134277344,Rate,0.4014386020297023,1.9406179363337994,-0.4236567449637185
10Y Treasury,4.27400016784668,%,-0.02339011692269466,0.5410548275248228,2.077868980813191
