Asset,Value,Unit,1D %,1W %,YTD %
VIX Index,22.3700008392334,% (Vol),-4.848997782007491,-7.67642896468359,54.16954160142882
Gold,5018.60009765625,$/oz,0.4925930648027599,-2.8795875585322817,16.32208907964121
Brent Oil,102.55000305175781,$/bbl,2.3351002780796604,11.49162786372897,68.80658938560957
Bitcoin,73995.078125,USD,-1.1568197303776895,4.265022504556937,-16.608336164013572
Ethereum,2328.766845703125,USD,-0.9531051459142459,11.287751687640156,-22.38463938862202
MSCI World,184.49000549316406,$,0.2445187043294439,-0.8224915300270141,-1.0830459885075139
EUR/USD,1.1538017988204956,Rate,0.3346079562635662,-0.04499569768013911,-1.8080033632930759
USD/JPY,159.05099487304688,Rate,-0.03394038901497476,-0.015088527836415455,1.4802381302169154
10Y Treasury,4.202000141143799,%,-0.42653198916472457,-0.14258654231430468,0.3582599485808524
