Asset,Value,Unit,1D %,1W %,YTD %
VIX Index,18.920000076293945,% (Vol),-12.040911785348351,19.974632384867874,30.392830998266305
Gold,4357.5,$/oz,0.47035811681575,-2.9315474102472816,0.9989824455733931
Brent Oil,93.81999969482422,$/bbl,0.7841909825454074,-2.2708336512247684,54.43621348942258
Bitcoin,62698.62890625,USD,-0.8553047667174574,-1.7287117535978669,-29.3393139487646
Ethereum,1663.8800048828125,USD,-1.3351687352216368,-5.97319859463078,-44.544621617520164
MSCI World,201.0500030517578,$,0.3343637851177528,-2.488112235065587,7.795833452983647
EUR/USD,1.1522595882415771,Rate,-0.7754740696302664,-0.9702013749018912,-1.9392501130667927
USD/JPY,160.32699584960938,Rate,0.21063213005496628,0.43285615765007446,2.2943725093153233
10Y Treasury,4.552000045776367,%,0.35273967454600985,2.177331621357692,8.717465144022029
