Asset,Value,Unit,1D %,1W %,YTD %
VIX Index,25.780000686645508,% (Vol),6.661152690399286,2.0990126203782378,77.67057394893064
Gold,4833.7001953125,$/oz,3.7987544675408547,4.004219247479979,12.036443183828327
Brent Oil,94.44000244140625,$/bbl,-13.965559506672786,-20.202785247980472,55.4567941422325
Bitcoin,71454.5234375,USD,3.768082760517344,6.758325754994554,-19.47151419997757
Ethereum,2231.645263671875,USD,5.877505142533224,8.681274467444066,-25.621600025712766
MSCI World,182.47000122070312,$,-0.027395929535023456,1.3609581658125647,-2.166100158232931
EUR/USD,1.1541212797164917,Rate,0.2712089803667217,-0.2850713280844741,-1.7808145800053299
USD/JPY,159.68299865722656,Rate,-0.060708551014765355,0.6961854613744212,1.8834792075138163
10Y Treasury,4.3429999351501465,%,0.1845420284377619,0.7422886989700617,3.7258214679228185
