Asset,Value,Unit,1D %,1W %,YTD %
VIX Index,16.989999771118164,% (Vol),0.592068591376127,-5.7158749194245795,17.09165749908084
Gold,4629.89990234375,$/oz,0.3293758291533111,-0.9731787857802487,7.312720358365676
Brent Oil,108.16999816894531,$/bbl,-5.1223610717127555,-0.05544228599013712,78.0576101546425
Bitcoin,78269.7109375,USD,0.11602980020211096,2.5134540605507905,-11.79087057636876
Ethereum,2305.419921875,USD,0.4499237503914566,0.6988777241776267,-23.16276791421049
MSCI World,196.75999450683594,$,0.10683869336944873,0.670246906650318,5.495684039401083
EUR/USD,1.172333002090454,Rate,0.3306012944308323,0.14420451318069016,-0.2309423368515806
USD/JPY,157.0330047607422,Rate,-1.9671133594511447,-1.593597535583613,0.19268807556580558
10Y Treasury,4.377999782562256,%,-0.2733504393690689,0.968630471104337,4.561738570912022
