Asset,Value,Unit,1D %,1W %,YTD %
Gold,4420.7998046875,$/oz,2.4661576291513887,,2.4661576291513887
Brent Oil,61.150001525878906,$/bbl,0.6584387257265956,,0.6584387257265956
Bitcoin,92896.0390625,USD,2.530652205254924,,4.692845220165287
Ethereum,3188.628173828125,USD,2.0061531934608468,,6.273638352381261
EUR/USD,1.170823097229004,Rate,-0.35943977309134123,,-0.35943977309134123
USD/JPY,157.05099487304688,Rate,0.20416641232268162,,0.20416641232268162
