Asset,Value,Unit,1D %,1W %,YTD %
VIX Index,18.709999084472656,% (Vol),-3.107200404267052,-0.8479159917580747,28.945546446173132
Gold,4719.10009765625,$/oz,-0.06775738863665781,0.44057968122666047,9.380219832951763
Brent Oil,100.66999816894531,$/bbl,-4.42419403883031,2.223796443298487,65.7119311422968
Bitcoin,79202.140625,USD,2.0488129153648726,1.2774928903575011,-10.740032263591537
Ethereum,2391.0400390625,USD,3.11411209439032,0.6292655595601326,-20.309139057651528
MSCI World,195.27000427246094,$,0.7481152066084906,-0.12275087776477678,4.696804473555405
EUR/USD,1.16838800907135,Rate,-0.18928207438571043,-0.4883924180232202,-0.5666730851132673
USD/JPY,159.7469940185547,Rate,0.16238677270616897,0.36817973736371634,1.9243105428474516
10Y Treasury,4.309999942779541,%,-0.30071736252021974,1.411763359518603,2.9376678026711733
