Asset,Value,Unit,1D %,1W %,YTD %
VIX Index,15.380000114440918,% (Vol),4.2711872165486,,5.995864037461329
Gold,4459.60009765625,$/oz,-0.5042188360949496,,3.365478365452912
Brent Oil,60.279998779296875,$/bbl,-0.6919307716038992,,-0.7736645608281911
Bitcoin,91261.8203125,USD,-2.6322804200539562,0.7269422088488797,2.8510981190371876
Ethereum,3169.35302734375,USD,-3.8408918150681925,1.3895295428107968,5.631217902269525
MSCI World,188.22000122070312,$,-0.40215606096830614,,0.9168445467969244
EUR/USD,1.1680878400802612,Rate,-0.06308124497186318,-0.5922183673216841,-0.5922183673216841
USD/JPY,156.77099609375,Rate,0.05808234760200648,0.0255171506698737,0.0255171506698737
10Y Treasury,4.138000011444092,%,-0.9810933320614668,,-1.17028394418488
