Asset,Value,Unit,1D %,1W %,YTD %
VIX Index,17.190000534057617,% (Vol),0.6440316794081857,-6.014217202886407,18.47002248725882
Gold,4720.39990234375,$/oz,0.43831862020387025,4.445179828382573,9.410346958784356
Brent Oil,101.29000091552734,$/bbl,1.2292658274484891,-11.490738592575411,66.73251179510673
Bitcoin,80599.6875,USD,0.5149501564024384,-0.40452131708503813,-9.165011841312154
Ethereum,2321.419921875,USD,0.6262647684636358,-1.6840160952846128,-22.6295046671519
MSCI World,200.63999938964844,$,0.7633609430164778,2.5976692035561078,7.576004127915303
EUR/USD,1.1789672374725342,Rate,0.35958341295041496,0.5376126015539828,0.33365100924154234
USD/JPY,156.62100219726562,Rate,0.07220499589155605,-0.1434469828415219,-0.07018433391036139
10Y Treasury,4.363999843597412,%,-0.6375308174456418,-1.8443601834332246,4.227371729716345
