Asset,Value,Unit,1D %,1W %,YTD %
VIX Index,24.93000030517578,% (Vol),-2.2352929208792838,17.872343994435404,71.81254246676829
Gold,5225.7001953125,$/oz,2.635769327555737,2.060466309434239,21.122295419895963
Brent Oil,85.80999755859375,$/bbl,-13.28819891626516,5.41768544231882,41.251024787808646
Bitcoin,70101.828125,USD,2.4844826197917724,2.88441021015835,-20.995987389693717
Ethereum,2038.44140625,USD,2.2832204775773857,3.016558368851685,-32.06088229777744
MSCI World,186.36000061035156,$,-0.048268350422986384,-1.3028315954056513,-0.08042137199187893
EUR/USD,1.1623852252960205,Rate,0.05696112451993862,-0.10112016969336945,-1.0775280039395319
USD/JPY,158.2050018310547,Rate,0.22616353239675036,0.7784283067383768,0.9404642330061552
10Y Treasury,4.136000156402588,%,0.0,1.372554748620325,-1.218047381922438
