Asset,Value,Unit,1D %,1W %,YTD %
VIX Index,29.489999771118164,% (Vol),24.168420088918595,37.54663729729417,103.23914063363672
Gold,5181.2998046875,$/oz,2.290091494538027,-2.136221285554618,20.093174531012203
Brent Oil,92.87000274658203,$/bbl,8.734338794768304,19.46231708074666,52.87243250466178
Bitcoin,68223.078125,USD,-3.695659653908656,-0.8037318694595452,-23.113318601469636
Ethereum,1979.880859375,USD,-4.427706470110171,-2.337532087377747,-34.01264400878302
MSCI World,184.97999572753906,$,-1.1277998031176573,-2.7342502621225506,-0.8203307191887776
EUR/USD,1.1608065366744995,Rate,-0.236797414602119,-1.2873381538988982,-1.2118791446408816
USD/JPY,157.53399658203125,Rate,0.35099014991974986,0.5752306358437709,0.5123388225874548
10Y Treasury,4.133000373840332,%,-0.31354401577403657,2.0998151666968834,-1.289692538528775
