Asset,Value,Unit,1D %,1W %,YTD %
VIX Index,17.190000534057617,% (Vol),0.6440316794081857,-6.014217202886407,18.47002248725882
Gold,4689.60009765625,$/oz,-0.6524829532389309,2.936922136725184,8.696463095798723
Brent Oil,104.6500015258789,$/bbl,3.3172085891811642,-4.75107043798223,72.26337699733153
Bitcoin,81233.890625,USD,0.7060409166493198,-0.23780731409562827,-8.450271683670996
Ethereum,2352.469970703125,USD,1.1063898995569366,0.07095317889869168,-21.594639050938536
MSCI World,200.63999938964844,$,0.7633609430164778,2.5976692035561078,7.576004127915303
EUR/USD,1.1731581687927246,Rate,-0.13491354522860988,0.042238448699194464,-0.16071817344942563
USD/JPY,156.82899475097656,Rate,0.20510079645834622,-0.0108375679135575,0.06252237375119485
10Y Treasury,4.363999843597412,%,-0.6375308174456418,-1.8443601834332246,4.227371729716345
