Asset,Value,Unit,1D %,1W %,YTD %
VIX Index,17.389999389648438,% (Vol),0.05753871901450491,2.960331664111493,19.848374330374075
Gold,4724.60009765625,$/oz,3.7051736293387982,2.3815177084609562,9.50769990259046
Brent Oil,101.80000305175781,$/bbl,-7.345043681702535,-10.709585874652417,67.572021484375
Bitcoin,81080.3984375,USD,0.18948391312663126,3.0806422008142986,-8.623255741878587
Ethereum,2320.25,USD,-1.7335642270760232,0.17347426861591408,-22.66849693826861
MSCI World,200.6300048828125,$,1.827136032999821,2.075808581890626,7.570645430188483
EUR/USD,1.1715774536132812,Rate,0.20384565072011362,0.26593994574690694,-0.2952417803134155
USD/JPY,157.677001953125,Rate,0.30726472272111227,-1.5650774699011327,0.6035813773673127
10Y Treasury,4.355999946594238,%,-1.3586943904577264,-0.7744856702826319,4.036306590249716
