Asset,Value,Unit,1D %,1W %,YTD %
VIX Index,15.319999694824219,% (Vol),-2.668361387556162,-7.655216673193122,5.582353226501646
Gold,4560.5,$/oz,1.3602159884686937,0.8737005087370076,5.7041559249655815
Brent Oil,92.05000305175781,$/bbl,-1.7714182573179582,-11.097158356356973,51.52263876832561
Bitcoin,73830.046875,USD,0.6235623583121352,-2.63193956042711,-16.79432462258624
Ethereum,2026.3800048828125,USD,0.7157874274486886,-2.1478124574478286,-32.4628761763489
MSCI World,204.92999267578125,$,0.0634714951593951,1.1800135621965913,9.876145360279963
EUR/USD,1.1659088134765625,Rate,0.35443953395761785,0.144569559214891,-0.7776600724398453
USD/JPY,159.2550048828125,Rate,-0.00941758601499254,0.18936934067463884,1.6104038320315262
10Y Treasury,4.453000068664551,%,-0.04489012515718205,-2.3036423223412816,6.353004148267094
