Asset,Value,Unit,1D %,1W %,YTD %
VIX Index,17.010000228881836,% (Vol),0.7701485460816171,5.325081304428081,17.22949662691118
Gold,5067.5,$/oz,-4.717582486288441,-0.2401754994075911,17.455500526206123
Brent Oil,69.75,$/bbl,-1.3576567626960467,6.342436185967859,14.814814814814813
Bitcoin,84079.78125,USD,-0.5697677995964989,-4.743961734061209,-5.2429833027725525
Ethereum,2707.960205078125,USD,-3.912823176994873,-7.4662577935937335,-9.746521758411475
MSCI World,189.6300048828125,$,-0.6132065776895845,-0.14743761460562776,1.67283816839221
EUR/USD,1.1890605688095093,Rate,-0.7277102049716766,0.2711007032353052,1.192623804834847
USD/JPY,154.72999572753906,Rate,1.067305977824451,-0.28099238083268974,-1.2767142710968904
10Y Treasury,4.249000072479248,%,0.5204597761313323,0.854503994827116,1.4807804550281745
