Asset,Value,Unit,1D %,1W %,YTD %
VIX Index,16.889999389648438,% (Vol),-10.207337218538049,-9.727417337687783,16.402475004991835
Gold,4635.7998046875,$/oz,1.9933029455652118,-1.8317346118968847,7.449469442300716
Brent Oil,111.33000183105469,$/bbl,-5.676520391032492,5.696382697898139,83.25926227334104
Bitcoin,76675.953125,USD,1.1874719375380538,-2.51925748137819,-13.587018632479442
Ethereum,2267.070068359375,USD,0.6059377522686704,-4.332096006659514,-24.440928377333215
MSCI World,196.5500030517578,$,1.382373756676647,0.6555019978956356,5.3830941186124415
EUR/USD,1.168470025062561,Rate,-0.2827674525353596,0.007019585152723273,-0.5596932780602915
USD/JPY,160.1840057373047,Rate,0.396111472399685,0.2735649089580017,2.203139690190059
10Y Treasury,4.390000343322754,%,-0.6337681423146169,1.8561578098680975,4.848353362886537
