Asset,Value,Unit,1D %,1W %,YTD %
VIX Index,15.449999809265137,% (Vol),0.4551345533378326,6.478287839804797,6.478287839804797
Gold,4469.7001953125,$/oz,0.45850788934267417,3.5995803931940795,3.5995803931940795
Brent Oil,62.58000183105469,$/bbl,4.369584367222767,3.0123486930941468,3.0123486930941468
Bitcoin,91211.3671875,USD,-0.10589153424734876,-0.2211106863584389,2.794237985281156
Ethereum,3113.52783203125,USD,-1.6835740001093225,-0.8654926210807434,3.770622594768014
MSCI World,188.24000549316406,$,0.010628133211776358,0.9275701234684908,0.9275701234684908
EUR/USD,1.1656370162963867,Rate,-0.1748407740200908,-0.41263574891172716,-0.8007908283712117
USD/JPY,157.07200622558594,Rate,0.21757240868758299,0.052874923299772725,0.21757240868758299
10Y Treasury,4.183000087738037,%,1.0874837160341322,-0.09552687547511596,-0.09552687547511596
