Asset,Value,Unit,1D %,1W %,YTD %
VIX Index,15.859999656677246,% (Vol),0.12625949429734273,4.894178417454409,9.303924235013206
Gold,4595.39990234375,$/oz,0.1525586293475545,0.13509340990576213,6.5130726488138
Brent Oil,64.12999725341797,$/bbl,0.0,-2.04674498594849,5.563781487107766
Bitcoin,92735.6015625,USD,-2.486143275288577,-4.32658168959118,4.512033868846976
Ethereum,3218.7578125,USD,-2.7231834941476185,-4.052938429848774,7.277827661810399
MSCI World,189.2100067138672,$,-0.021132515790123207,-0.4419870162600592,1.4476501455970459
EUR/USD,1.1631964445114136,Rate,0.19774413344695319,-0.3001132832620046,-1.0084908135391202
USD/JPY,157.49000549316406,Rate,-0.6973615963521196,-0.31394361667296256,0.48427093041605307
10Y Treasury,4.230999946594238,%,1.7067332160191517,1.050875349840985,1.050875349840985
