Asset,Value,Unit,1D %,1W %,YTD %
VIX Index,18.40999984741211,% (Vol),-2.5410246572022843,6.53934673532679,26.878012108968896
Gold,4103.0,$/oz,1.798784269941689,-1.886699925541746,-4.899868049526646
Brent Oil,73.56999969482422,$/bbl,-2.2455519445071515,-5.55841045730433,21.102880156089256
Bitcoin,60193.98828125,USD,0.7908560733124625,-5.876455763190458,-32.16201721934048
Ethereum,1581.77001953125,USD,1.08340930142794,-8.383430867594532,-47.281261455301895
MSCI World,197.36000061035156,$,-0.9684343122086658,-2.475660734159124,6.525021326936553
EUR/USD,1.1389521360397339,Rate,0.31093143150877633,-0.6389575009024373,-3.0717542426168754
USD/JPY,161.72999572753906,Rate,-0.02040315810325488,0.18397544045076764,3.1895367415328835
10Y Treasury,4.372000217437744,%,-1.7748818780891074,-2.170500071915027,4.418448257699348
