Asset,Value,Unit,1D %,1W %,YTD %
VIX Index,15.84000015258789,% (Vol),-5.432834909923045,9.316772966143038,9.166091679714228
Gold,4604.39990234375,$/oz,-0.4733783643152689,2.541035178478257,6.721676399131682
Brent Oil,63.7599983215332,$/bbl,-4.149125767914308,0.6630852035578227,4.95472974737976
Bitcoin,95490.6484375,USD,-1.4842563291521782,5.134116325467719,7.616942312409547
Ethereum,3308.525390625,USD,-1.377081516379075,6.080381972412585,10.269687048780618
MSCI World,189.25,$,0.16937878400700157,-0.14773322487219298,1.4690931177222533
EUR/USD,1.1609008312225342,Rate,-0.3204108235253189,-0.1265347647548709,-1.2038543955436354
USD/JPY,158.5780029296875,Rate,0.11111610954324114,0.27126371261465554,1.178452309360556
10Y Treasury,4.159999847412109,%,0.4830913423070182,-0.263729474766905,-0.6448519635225858
