Asset,Value,Unit,1D %,1W %,YTD %
VIX Index,18.920000076293945,% (Vol),-2.974358583107972,5.462650574485095,30.392830998266305
Gold,4751.2001953125,$/oz,1.1237930799038898,-0.7146676919205897,10.124242139247762
Brent Oil,102.0,$/bbl,3.57432628257377,2.626019344380226,67.90123456790123
Bitcoin,78405.65625,USD,2.6886813930608877,3.5383327375397844,-11.63766165913609
Ethereum,2368.070068359375,USD,1.722513669374237,0.7217676063445921,-21.074704130275844
MSCI World,194.9199981689453,$,0.8485096233475931,0.7963560074714326,4.509143697283813
EUR/USD,1.174425721168518,Rate,-0.3405808426816592,-0.5496230458284734,-0.052845661248457354
USD/JPY,159.3730010986328,Rate,0.3330355427473508,0.35514066643114184,1.6856896489449547
10Y Treasury,4.293999671936035,%,0.046594947036848744,-0.34811657622733083,2.555526135221542
