Asset,Value,Unit,1D %,1W %,YTD %
VIX Index,15.319999694824219,% (Vol),-2.668361387556162,-7.655216673193122,5.582353226501646
Gold,4569.89990234375,$/oz,1.5691352148326843,1.081616950757569,5.922028689579806
Brent Oil,91.69999694824219,$/bbl,-2.144917464377094,-11.435197858405244,50.94649703414351
Bitcoin,73595.03125,USD,0.07952040009013839,-4.768247658092828,-17.059184725350065
Ethereum,2017.8699951171875,USD,0.5139222778822505,-4.428420893060303,-32.746505891356236
MSCI World,204.92999267578125,$,0.0634714951593951,1.1800135621965913,9.876145360279963
EUR/USD,1.1659088134765625,Rate,0.35443953395761785,0.144569559214891,-0.7776600724398453
USD/JPY,159.2550048828125,Rate,-0.00941758601499254,0.18936934067463884,1.6104038320315262
10Y Treasury,4.453000068664551,%,-0.04489012515718205,-2.3036423223412816,6.353004148267094
