Asset,Value,Unit,1D %,1W %,YTD %
Bitcoin,89108.1796875,USD,0.4239681047931043,,0.4239681047931043
Ethereum,3038.0283203125,USD,1.2543029216130819,,1.2543029216130819
