Asset,Value,Unit,1D %,1W %,YTD %
VIX Index,21.440000534057617,% (Vol),7.9556892001429125,9.667526193117348,47.76016675300782
Gold,5377.89990234375,$/oz,2.8180843579724613,4.3077719475128395,24.650009829229447
Brent Oil,78.58999633789062,$/bbl,8.429901625235692,11.049879985532506,29.366249115869337
Bitcoin,68899.4921875,USD,4.809068941539674,2.143273350510988,-22.351007167476077
Ethereum,2032.8214111328125,USD,4.83504580532601,0.2974556245270099,-32.24819085056774
MSCI World,190.17999267578125,$,-0.3458413722356224,-0.30927901843363914,1.9677219865076978
EUR/USD,1.170823097229004,Rate,-0.4355499156017517,-0.5690143799488623,-0.35943977309134123
USD/JPY,157.39100646972656,Rate,0.4839407312154709,0.9693363738665584,0.4211060034621905
10Y Treasury,4.047999858856201,%,2.1706200905148076,0.37192825474761104,-3.3197980816044192
