Asset,Value,Unit,1D %,1W %,YTD %
VIX Index,18.059999465942383,% (Vol),1.346800085456068,1.0632267363515968,24.465879952188786
Gold,4483.0,$/oz,-1.5266337177375022,-4.570325614366233,3.907845852783831
Brent Oil,110.91000366210938,$/bbl,-1.0615475719979006,4.9985861459639125,82.5679072627315
Bitcoin,76570.0,USD,-0.4992216349544054,-3.1564639643445136,-13.70642667428793
Ethereum,2106.85009765625,USD,-1.0178929579067408,-5.238935273870881,-29.78089224113204
MSCI World,198.97000122070312,$,-0.6392003891619868,-1.3192499120631251,6.680610734461467
EUR/USD,1.1655147075653076,Rate,0.3508207954415088,-0.6841657559964576,-0.81119966854033
USD/JPY,158.86099243164062,Rate,0.010701248799227514,0.7547279734392065,1.3590097593122241
10Y Treasury,4.666999816894531,%,0.9517557983210967,4.150856338252384,11.4640564187102
