Asset,Value,Unit,1D %,1W %,YTD %
VIX Index,19.860000610351562,% (Vol),6.602262506673928,-5.473582132328591,36.87112541060247
Gold,5230.5,$/oz,1.0431758910460776,0.49570203314950323,21.233546226407718
Brent Oil,72.4800033569336,$/bbl,2.445234426761256,1.3848167894068286,19.308647501125265
Bitcoin,66418.7890625,USD,0.815084307003433,3.6497261634024447,-25.146733130862653
Ethereum,1956.164306640625,USD,1.3156705960958748,5.569159405899771,-34.8030918787936
MSCI World,190.83999633789062,$,-0.43822849018543275,0.7071220780425547,2.3215923857077714
EUR/USD,1.1803030967712402,Rate,-0.10269109594140957,-0.26792714001502294,0.447336645630525
USD/JPY,156.03500366210938,Rate,0.11292908278772718,0.9053637307249618,-0.4440724126305362
10Y Treasury,3.9619998931884766,%,-1.3691885103261248,-1.6629415611121412,-5.373773955032446
