Asset,Value,Unit,1D %,1W %,YTD %
VIX Index,19.09000015258789,% (Vol),-5.635192365023734,-7.330098062717139,31.564437294698777
Gold,5169.7001953125,$/oz,2.182127861304295,5.873564863188951,19.82431652902916
Brent Oil,70.5199966430664,$/bbl,-1.727989766234972,4.598039985632929,16.082299000932366
Bitcoin,65135.390625,USD,-4.21796495184894,-1.941924677866036,-26.593109481554965
Ethereum,1872.47265625,USD,-5.130598301487643,-4.171061630955942,-37.59244695623093
MSCI World,191.19000244140625,$,0.6846084869852609,0.9450942991583222,2.5092531619793634
EUR/USD,1.1828720569610596,Rate,0.5062765714674677,-0.17860441084688317,0.6659628694554831
USD/JPY,154.11199951171875,Rate,-0.6754344712912363,0.32745867926422534,-1.6710180174838718
10Y Treasury,4.085999965667725,%,0.2699425010420198,0.7396383444299381,-2.4122244334924825
