Asset,Value,Unit,1D %,1W %,YTD %
VIX Index,21.510000228881836,% (Vol),39.67532962143463,34.01869938544155,48.24259055535129
Gold,4353.89990234375,$/oz,-2.7235333943239404,-2.710499813970435,0.9155386819506894
Brent Oil,92.87000274658203,$/bbl,-2.2729622860790943,-2.2215208841614875,52.87243250466178
Bitcoin,60949.8984375,USD,-4.469600971713872,-14.539971876225156,-31.310114535573863
Ethereum,1577.449951171875,USD,-10.857409879029312,-21.254329879342283,-47.42524481035411
MSCI World,200.3800048828125,$,-2.5720782482758664,-2.425007651313782,7.436604356056753
EUR/USD,1.1527377367019653,Rate,-0.7066254660153648,-1.0432256797540118,-1.898558243750692
USD/JPY,160.29299926757812,Rate,0.22070577765633814,0.589886892702518,2.2726814708977416
10Y Treasury,4.5360002517700195,%,1.3178470435991185,1.3631362779316092,8.335334865088795
