Asset,Value,Unit,1D %,1W %,YTD %
VIX Index,16.59000015258789,% (Vol),-0.6586862594382348,-8.139531322393568,14.334940667787599
Gold,4539.2001953125,$/oz,0.40257012414288695,0.7300976865937114,5.210464909537693
Brent Oil,95.12999725341797,$/bbl,-8.122468213005563,-14.512941861106077,56.59258807146992
Bitcoin,76595.0390625,USD,-0.5015332492218083,-1.2176204486965991,-13.6782079179101
Ethereum,2087.77001953125,USD,-0.48731681108592495,-2.0474996271587886,-30.41681126707386
MSCI World,202.5399932861328,$,0.2325857103374851,1.1435671840863026,8.594713018829324
EUR/USD,1.164225697517395,Rate,0.18161716312452558,-0.11059577708849577,-0.920898293051664
USD/JPY,158.9459991455078,Rate,-0.045281806558883364,0.05351012389260834,1.4132470910107386
10Y Treasury,4.558000087738037,%,-0.6105512023398041,-1.4060146048522904,8.860766845751078
