Asset,Value,Unit,1D %,1W %,YTD %
VIX Index,16.700000762939453,% (Vol),-0.3579920353401156,-6.285067065461658,15.09304272579175
Gold,4510.5,$/oz,-0.645398606723735,-0.9225700164744666,4.54524620097736
Brent Oil,103.94000244140625,$/bbl,1.325795073187308,-7.279211546642994,71.09465422453705
Bitcoin,75408.3203125,USD,-2.74809687925881,-2.008795007255737,-15.015627291948519
Ethereum,2066.2099609375,USD,-3.0590390341270535,-2.9272107434367034,-31.13538544535366
MSCI World,202.5399932861328,$,0.2325857103374851,1.1435671840863026,8.594713018829324
EUR/USD,1.160496711730957,Rate,-0.17523511232161448,-0.08122866515869465,-1.2382461773889575
USD/JPY,159.15499877929688,Rate,0.1680418220350921,0.19579250720460628,1.546596351874996
10Y Treasury,4.558000087738037,%,-0.6105512023398041,-1.4060146048522904,8.860766845751078
