Asset,Value,Unit,1D %,1W %,YTD %
VIX Index,15.119999885559082,% (Vol),4.347826945426525,2.508473800400557,4.203994810855027
Gold,4599.39990234375,$/oz,2.4296840389668173,2.614780730986044,6.605785426732846
Brent Oil,64.12000274658203,$/bbl,1.2314534135066113,5.634270083453896,5.54732962400335
Bitcoin,91363.9453125,USD,0.5906631865104872,0.37002191654411654,2.966191904800386
Ethereum,3104.919189453125,USD,-0.4477902621019214,0.017285920209042516,3.4837055513944115
MSCI World,190.0500030517578,$,0.274365153701317,0.5662013696737578,1.8980261911873741
EUR/USD,1.1665889024734497,Rate,0.3628157215701977,-0.19132434509734342,-0.71978245726948
USD/JPY,158.21400451660156,Rate,0.04110202439047139,0.9790732145326553,0.946208269211879
10Y Treasury,4.186999797821045,%,0.38359611584066755,0.19143089717730266,0.0
