Asset,Value,Unit,1D %,1W %,YTD %
VIX Index,25.329999923706055,% (Vol),-6.011134669284157,5.278472510198484,74.56925929806152
Gold,4529.60009765625,$/oz,2.9618416282953364,-1.545419058792219,4.987951979036409
Brent Oil,98.30000305175781,$/bbl,-5.924007023219602,-9.52599938220513,61.81070461194702
Bitcoin,71287.453125,USD,1.0913458758120553,3.7489049269051167,-19.659800660239657
Ethereum,2165.503662109375,USD,0.45457608441448194,4.2766962430117905,-27.826030351642427
MSCI World,181.19000244140625,$,0.7450632707342697,-0.09373520532267587,-2.8523898032899786
EUR/USD,1.1568717956542969,Rate,-0.39565464478271695,-0.0763491691017193,-1.5467374170209491
USD/JPY,159.43499755859375,Rate,0.45174159753802456,0.9567903709737813,1.7252456135278038
10Y Treasury,4.328000068664551,%,-1.4571977870935227,1.0978726892723722,3.3675729078583627
