Asset,Value,Unit,1D %,1W %,YTD %
VIX Index,15.979999542236328,% (Vol),5.6878284602278395,3.9011666016312008,10.130939284401187
Gold,4622.5,$/oz,0.3952869292736194,3.8927517343296802,7.141203982710964
Brent Oil,65.29000091552734,$/bbl,2.2232691520113645,8.889262695861099,7.473252535847474
Bitcoin,95271.8046875,USD,4.472725811665046,5.257474379788074,7.3703077402860195
Ethereum,3326.148193359375,USD,7.561397436508788,7.885091107089948,10.857036611805992
MSCI World,189.52999877929688,$,-0.27361445099230997,0.6959927479001982,1.6192184662523479
EUR/USD,1.1641442775726318,Rate,-0.21887262157004317,-0.30267892491810944,-0.9278273747626797
USD/JPY,159.375,Rate,0.8791966597674117,1.6869650196957187,1.6869650196957187
10Y Treasury,4.171000003814697,%,-0.3821302789332348,0.7974865219753546,-0.3821302789332348
