Asset,Value,Unit,1D %,1W %,YTD %
VIX Index,18.889999389648438,% (Vol),1.3955997884818938,15.182925786807488,30.18607230652077
Gold,4078.699951171875,$/oz,1.1958801928265705,-2.467776694368906,-5.4630993071326905
Brent Oil,71.98999786376953,$/bbl,-4.344943103432019,-7.586654103140211,18.502054096739972
Bitcoin,60028.51171875,USD,0.020131206259543788,-4.211889624473908,-32.34850754035106
Ethereum,1569.22998046875,USD,-0.46847856308154245,-5.776670059306943,-47.69920782709629
MSCI World,199.2899932861328,$,0.0,-1.5219656596182296,7.566734492282201
EUR/USD,1.1389521360397339,Rate,0.31093143150877633,-0.6389575009024373,-3.0717542426168754
USD/JPY,161.68499755859375,Rate,-0.07416033040954506,0.07117053237748472,3.160826296158814
10Y Treasury,4.451000213623047,%,-0.2688686436979282,-0.8023127930617102,6.305240710529536
