Asset,Value,Unit,1D %,1W %,YTD %
VIX Index,18.40999984741211,% (Vol),-2.5410246572022843,6.53934673532679,26.878012108968896
Gold,4085.5,$/oz,0.1667209873129183,-1.0750842246455616,-5.305486452922514
Brent Oil,73.16000366210938,$/bbl,1.6252338283908596,-5.085622828003089,20.42798956725822
Bitcoin,59684.55859375,USD,-0.42632406768084996,-2.148653766815667,-32.73613904371785
Ethereum,1574.010009765625,USD,0.15409589115682465,-2.8343854850164885,-47.539894455603374
MSCI World,197.36000061035156,$,-0.9684343122086658,-2.475660734159124,6.525021326936553
EUR/USD,1.1361699104309082,Rate,0.0658924755748469,-0.8816760737143103,-3.308529993793252
USD/JPY,161.80499267578125,Rate,0.0259590804901233,0.230432452874485,3.2373874838229844
10Y Treasury,4.372000217437744,%,-0.45537295134827627,-3.038359113279554,4.418448257699348
