Asset,Value,Unit,1D %,1W %,YTD %
VIX Index,19.6200008392334,% (Vol),-3.302119497595557,11.161480245216948,35.217095311826526
Gold,4985.89990234375,$/oz,2.109402241699865,-1.6898058534249305,15.56415759316181
Brent Oil,70.2699966430664,$/bbl,4.227230126852555,1.2535952421601548,15.6707763671875
Bitcoin,66621.6640625,USD,-1.2927843356954183,-4.50919884043638,-24.918095169670885
Ethereum,1961.7025146484375,USD,-1.5305646010038254,-5.959092475260686,-34.61850920472285
MSCI World,190.41000366210938,$,0.501423474388929,-0.7402377914774272,2.0910456651857867
EUR/USD,1.1795234680175781,Rate,-0.477708127515708,-0.6168857159874919,0.38098789835372404
USD/JPY,154.7949981689453,Rate,1.074767756528927,1.291706659735925,-1.2352403825605984
10Y Treasury,4.078999996185303,%,0.666336379662158,-2.2291451745153124,-2.579407854090332
