Asset,Value,Unit,1D %,1W %,YTD %
VIX Index,14.329999923706055,% (Vol),0.9154937759653814,2.3571423121861113,-20.07808321358773
Gold,4355.5,$/oz,0.7028716482243569,-2.8397387845512823,63.80834781184286
Brent Oil,61.2599983215332,$/bbl,-1.097837133116375,-1.7954516309787394,-19.32042924362084
Bitcoin,88102.8125,USD,1.1070604308066168,0.9179492424907565,-6.690279088667306
Ethereum,2960.252685546875,USD,0.8762657895855508,1.179428587831599,-11.726583514081623
MSCI World,187.00999450683594,$,-0.048108815469460886,-0.1068384166755254,22.40659619433425
EUR/USD,1.1749500036239624,Rate,-0.1985761972237987,-0.3900940231802652,13.501336401125318
USD/JPY,156.40699768066406,Rate,0.25254125691429596,0.1479118527818457,-0.831856978995904
10Y Treasury,4.130000114440918,%,0.34013455704540174,-0.935476923495715,-9.726769691290915
