Asset,Value,Unit,1D %,1W %,YTD %
VIX Index,20.290000915527344,% (Vol),-1.5048517485525714,14.052837950210373,39.83460093364122
Gold,4904.2001953125,$/oz,-2.34567512320788,-1.990479500832476,13.670505894651708
Brent Oil,67.44000244140625,$/bbl,-0.4575609720940954,-1.9767449855030428,11.01234969778806
Bitcoin,66905.9609375,USD,-2.813925766949421,-2.8346557286728857,-24.59769562377715
Ethereum,1969.6131591796875,USD,-1.416703254645857,-3.852239747303221,-34.354855705406564
MSCI World,189.4600067138672,$,0.03168575465510859,-1.1169098755102636,1.5816912197287758
EUR/USD,1.1846938133239746,Rate,-0.024868204551842243,-0.2452329833795508,0.820999804605993
USD/JPY,153.41700744628906,Rate,-0.12498362209927283,0.09656894519931569,-2.114447876911729
10Y Treasury,4.052000045776367,%,-0.09862393221576893,-2.290807666971484,-3.2242598176129067
