Asset,Value,Unit,1D %,1W %,YTD %
VIX Index,19.229999542236328,% (Vol),-1.3340186348648642,-20.438562343666653,32.529284899385715
Gold,4761.89990234375,$/oz,-0.6322835385380698,2.256916811207077,10.37224202969458
Brent Oil,95.19999694824219,$/bbl,-0.7506268082230094,-13.273207743825266,56.70781390657149
Bitcoin,71527.5625,USD,-1.9889056340871791,-0.5742793815653346,-19.38919995555436
Ethereum,2217.096435546875,USD,-1.2494605066979858,-1.1022451548825751,-26.106497233639946
MSCI World,188.3800048828125,$,0.010620233805536117,3.2106073160089954,1.002632797733538
EUR/USD,1.1728830337524414,Rate,0.5958337849084616,1.9012489015083345,-0.1841329912957379
USD/JPY,159.2449951171875,Rate,0.3800991116272634,-0.33483769320111767,1.6040172426231347
10Y Treasury,4.316999912261963,%,0.5590423892994689,-0.41522781376269746,3.104851223269023
