Asset,Value,Unit,1D %,1W %,YTD %
VIX Index,17.260000228881836,% (Vol),-3.41354550477867,0.4072117082575488,18.952446289602285
Gold,4619.0,$/oz,-1.6752919948154532,-2.148121016047888,7.0600803020318015
Brent Oil,107.0,$/bbl,1.2969826585295108,5.637278144794,76.13168724279835
Bitcoin,80899.9921875,USD,2.04709133931007,-1.5083438568210927,-8.826571661465788
Ethereum,2264.090087890625,USD,0.28852497876885597,-4.4302199471454085,-24.540248006141773
MSCI World,202.74000549316406,$,0.5505136058478577,1.0466537629106432,8.701952423109027
EUR/USD,1.1716049909591675,Rate,-0.1652005536549872,-0.13239287547692768,-0.2928982695151072
USD/JPY,157.8509979248047,Rate,0.11415711816955554,0.6516672350358022,0.7145970466112983
10Y Treasury,4.460999965667725,%,-0.44632852409906,2.2227343159194834,6.5440692877337225
