Asset,Value,Unit,1D %,1W %,YTD %
VIX Index,16.700000762939453,% (Vol),-0.3579920353401156,-6.285067065461658,15.09304272579175
Gold,4521.0,$/oz,-0.41411087484714004,-0.6919275123558499,4.788617243014892
Brent Oil,103.54000091552734,$/bbl,0.9358540332780718,-7.636037176726518,70.43621549881045
Bitcoin,76692.203125,USD,1.5948986260794884,-0.07648525322787592,-13.568705055797414
Ethereum,2117.81005859375,USD,2.5754210865565064,0.3718637806205072,-29.41560821880913
MSCI World,202.5399932861328,$,0.2325857103374851,1.1435671840863026,8.594713018829324
EUR/USD,1.160496711730957,Rate,-0.17523511232161448,-0.08122866515869465,-1.2382461773889575
USD/JPY,159.15499877929688,Rate,0.1680418220350921,0.19579250720460628,1.546596351874996
10Y Treasury,4.558000087738037,%,-0.6105512023398041,-1.4060146048522904,8.860766845751078
