Asset,Value,Unit,1D %,1W %,YTD %
VIX Index,15.859999656677246,% (Vol),0.12625949429734273,4.894178417454409,9.303924235013206
Gold,4588.39990234375,$/oz,-0.604378041378939,-0.34532725969674827,6.350825287455453
Brent Oil,64.12999725341797,$/bbl,0.580299469298784,0.40707425376738104,5.563781487107766
Bitcoin,94848.9296875,USD,-0.7078635650064169,-0.4960582526881807,6.893732125552954
Ethereum,3298.7421875,USD,0.09892360479601958,-0.7029681047008407,9.943623132213663
MSCI World,189.2100067138672,$,-0.021132515790123207,-0.4419870162600592,1.4476501455970459
EUR/USD,1.1609008312225342,Rate,-0.3204108235253189,-0.1265347647548709,-1.2038543955436354
USD/JPY,158.5959930419922,Rate,0.12247336079174165,0.2826391320410293,1.189930646117432
10Y Treasury,4.230999946594238,%,1.7067332160191517,1.050875349840985,1.050875349840985
