Asset,Value,Unit,1D %,1W %,YTD %
VIX Index,25.5,% (Vol),-13.530009501817219,8.188376453817249,75.740865594494
Gold,5157.5,$/oz,0.22152507971895385,0.9809315623250825,19.54153802938492
Brent Oil,90.04000091552734,$/bbl,-2.8589939109712526,10.614249665464182,48.21399327658822
Bitcoin,69117.6796875,USD,4.771727869720643,-2.4328316532240324,-22.10511218210316
Ethereum,2018.7066650390625,USD,4.239477843403705,-2.5535172844883713,-32.71862055890278
MSCI World,186.4499969482422,$,0.7946811842661772,-0.40596642186259135,-0.03216854879675157
EUR/USD,1.163061261177063,Rate,0.9316177431313521,0.15818613505558243,-1.019995321094458
USD/JPY,157.5540008544922,Rate,-0.5510431226181445,-0.1388033108148723,0.5251022657496884
10Y Treasury,4.136000156402588,%,0.07259277701867628,1.972384593599208,-1.218047381922438
