Asset,Value,Unit,1D %,1W %,YTD %
VIX Index,16.899999618530273,% (Vol),-15.878549078292059,0.8955201106285005,16.471394568907005
Gold,4784.7998046875,$/oz,0.5294500906422472,3.4260641698880656,10.903020419785614
Brent Oil,65.18000030517578,$/bbl,0.40049621621036646,-2.014426346232079,7.2921815723058225
Bitcoin,89883.1484375,USD,1.7803488314898752,-5.485570686752994,1.297349620442323
Ethereum,3013.39501953125,USD,2.6498554045947698,-8.92962706413909,0.43330079908932007
MSCI World,187.66000366210938,$,1.0881298637698489,-0.6722008484122854,0.6165938497367129
EUR/USD,1.1686338186264038,Rate,-0.35409466939931855,0.6661195509461537,-0.5457539540911327
USD/JPY,158.2969970703125,Rate,0.08535204704540611,-0.18852681328495047,0.9991604945050581
10Y Treasury,4.252999782562256,%,-0.977888078827005,2.7294666599249062,1.5763073305032904
