Asset,Value,Unit,1D %,1W %,YTD %
VIX Index,15.319999694824219,% (Vol),-2.668361387556162,-7.655216673193122,5.582353226501646
Gold,4556.2998046875,$/oz,-0.09209944770309786,1.2421096692904587,5.606802981159453
Brent Oil,93.06999969482422,$/bbl,1.1080897438894066,-6.537459345778284,53.20164558818801
Bitcoin,73708.8671875,USD,-0.062326421604341764,-0.8552538523570852,-16.930892837929957
Ethereum,2009.4100341796875,USD,-0.49756996777325924,-0.6323914115353491,-33.02846753132624
MSCI World,204.92999267578125,$,0.0634714951593951,1.1800135621965913,9.876145360279963
EUR/USD,1.1652837991714478,Rate,0.3006420503418372,0.0908845815986492,-0.8308506660135939
USD/JPY,159.27000427246094,Rate,-0.18674728289349574,0.2038460412309595,1.619973980489564
10Y Treasury,4.453000068664551,%,-0.04489012515718205,-2.3036423223412816,6.353004148267094
