Asset,Value,Unit,1D %,1W %,YTD %
VIX Index,14.75,% (Vol),-1.006708874970219,,1.6540300987759382
Gold,4498.2998046875,$/oz,1.3838469132764653,,4.262467701333117
Brent Oil,59.95000076293945,$/bbl,-2.930695608459366,,-1.3168711721161297
Bitcoin,92764.3046875,USD,-1.1911158614315909,3.134825645029604,4.544381984582424
Ethereum,3263.54345703125,USD,1.1596892138247883,4.452689891530737,8.770486300832037
MSCI World,188.97999572753906,$,0.5159306680730058,,1.324326466918957
EUR/USD,1.1695905923843384,Rate,-0.16257913992714368,,-0.46432963518536763
USD/JPY,156.6230010986328,Rate,-0.0019192096519349278,,-0.06890896315959738
10Y Treasury,4.178999900817871,%,0.3361329914302047,,-0.1910651394666174
