Asset,Value,Unit,1D %,1W %,YTD %
VIX Index,20.3700008392334,% (Vol),-6.430866279706493,24.66340666470095,40.385944299899876
Gold,5042.39990234375,$/oz,1.841971712587842,2.8284703694535507,16.873725581268495
Brent Oil,67.62999725341797,$/bbl,-0.6172017332907287,0.4455598012844675,11.325098359535746
Bitcoin,70842.6875,USD,2.2527055425225706,-2.9814084854237755,-20.161046775868407
Ethereum,2097.057861328125,USD,0.3113318050331104,-2.1668392409707193,-30.107257224900863
MSCI World,190.24000549316406,$,2.0272437215437256,-0.2202864580290509,1.9998987165223525
EUR/USD,1.1828720569610596,Rate,0.43175131804242817,0.25431728625036065,0.6659628694554831
USD/JPY,156.78399658203125,Rate,-0.08476510381026925,1.0193172605556189,0.03381192837712543
10Y Treasury,4.205999851226807,%,-0.09501631553254786,-1.614040762604818,0.4537868240559684
