Asset,Value,Unit,1D %,1W %,YTD %
VIX Index,19.549999237060547,% (Vol),-6.949076515545527,-0.3567869479030428,34.73465836442031
Gold,5195.39990234375,$/oz,-0.1786902726333084,4.18930918166549,20.41998933667244
Brent Oil,71.13999938964844,$/bbl,-0.4895768423270108,1.1229579710907212,17.102879653742285
Bitcoin,66066.90625,USD,2.244260554344324,-2.8505309893719466,-25.543301307466116
Ethereum,1917.049560546875,USD,3.316985168495923,-2.63952202544403,-36.106745410657695
MSCI World,190.77000427246094,$,0.670186951166718,0.18906601724055783,2.2840651391841993
EUR/USD,1.1781338453292847,Rate,-0.10603035783578463,-0.0636249967767899,0.26272683612043046
USD/JPY,155.75900268554688,Rate,0.7268782737669621,0.6891129970921117,-0.6201709327818272
10Y Treasury,4.0329999923706055,%,0.09928486257939628,-1.1277274787378389,-3.678046641668875
