Asset,Value,Unit,1D %,1W %,YTD %
VIX Index,16.700000762939453,% (Vol),-0.3579920353401156,-6.285067065461658,15.09304272579175
Gold,4523.2001953125,$/oz,0.04866612060385744,0.37503919751233905,4.839613797861464
Brent Oil,100.20999908447266,$/bbl,-3.2161500884778427,-9.947879058463593,64.95473100324718
Bitcoin,77038.0390625,USD,0.4756173993353041,-0.5418879944163124,-13.178951642824677
Ethereum,2095.919921875,USD,-0.9466897013327813,-1.4604475326567945,-30.14518355538396
MSCI World,202.5399932861328,$,0.2325857103374851,1.1435671840863026,8.594713018829324
EUR/USD,1.1621150970458984,Rate,-0.03602322836829819,0.058114316670265787,-1.1005167289134254
USD/JPY,159.01800537109375,Rate,0.08182171240935787,0.10954851104707508,1.4591896450020014
10Y Treasury,4.558000087738037,%,-0.6105512023398041,-1.4060146048522904,8.860766845751078
